*,シリーズ,key,H,B,t1,t2,r,断面積,単位質量,Ix,Iy,ix,iy,Zx,Zy,ie,η,Zpx,Zpy,t1,t2
FALSE,100×100,H-100x100x6x8x8,100,100,6,8,8,21.59,16.9,378,134,4.18,2.49,75.6,26.7,2.75,3.44,86.4,41,6,8
FALSE,125×125,H-125x125x6.5x9x8,125,125,6.5,9,8,30,23.6,839,293,5.29,3.13,134,46.9,3.45,3.84,152,71.7,6.5,9
FALSE,150×150,H-150x150x7x10x8,150,150,7,10,8,39.65,31.1,1620,563,6.4,3.77,216,75.1,4.15,4.15,243,114,7,10
FALSE,175×175,H-175x175x7.5x11x13,175,175,7.5,11,13,51.43,40.4,2900,984,7.5,4.37,331,112,4.8,4.36,370,172,7.5,11
FALSE,200×200,H-200x200x8x12x13,200,200,8,12,13,63.53,49.9,4720,1600,8.62,5.02,472,160,5.5,4.59,525,244,8,12
TRUE,200×200,H-200x204x12x12x13,200,204,12,12,13,71.53,56.2,4980,1700,8.35,4.88,498,167,5.53,4.52,565,257,12,12
TRUE,200×200,H-208x202x10x16x13,208,202,10,16,13,83.69,65.7,6530,2200,8.83,5.13,628,218,5.61,3.61,710,332,10,16
TRUE,250×250,H-244x252x11x11x13,244,252,11,11,13,81.31,63.8,8700,2940,10.3,6.01,713,233,6.8,5.99,797,357,11,11
TRUE,250×250,H-248x249x8x13x13,248,249,8,13,13,83.95,65.9,9850,3350,10.8,6.31,794,269,6.88,5.27,875,408,8,13
FALSE,250×250,H-250x250x9x14x13,250,250,9,14,13,91.43,71.8,10700,3650,10.8,6.32,860,292,6.91,4.93,953,443,9,14
TRUE,250×250,H-250x255x14x14x13,250,255,14,14,13,103.9,81.6,11400,3880,10.5,6.11,912,304,6.93,4.85,1030,467,14,14
TRUE,300×300,H-294x302x12x12x13,294,302,12,12,13,106.3,83.4,16600,5510,12.5,7.2,1130,365,8.16,6.62,1260,558,12,12
TRUE,300×300,H-298x299x9x14x13,298,299,9,14,13,109.5,86,18600,6240,13,7.55,1250,417,8.25,5.88,1370,632,9,14
FALSE,300×300,H-300x300x10x15x13,300,300,10,15,13,118.5,93,20200,6750,13.1,7.55,1350,450,8.28,5.52,1480,683,10,15
TRUE,300×300,H-300x305x15x15x13,300,305,15,15,13,133.5,105,21300,7100,12.6,7.3,1420,466,8.28,5.43,1600,714,15,15
TRUE,300×300,H-304x301x11x17x13,304,301,11,17,13,133.5,105,23200,7730,13.2,7.61,1520,514,8.34,4.95,1690,779,11,17
TRUE,350×350,H-338x351x13x13x13,338,351,13,13,13,133.3,105,27700,9380,14.4,8.39,1640,534,9.49,7.03,1820,815,13,13
TRUE,350×350,H-344x348x10x16x13,344,348,10,16,13,144,113,32800,11200,15.1,8.84,1910,646,9.64,5.95,2090,978,10,16
TRUE,350×350,H-344x354x16x16x13,344,354,16,16,13,164.7,129,34900,11800,14.6,8.48,2030,669,9.62,5.84,2270,1020,16,16
FALSE,350×350,H-350x350x12x19x13,350,350,12,19,13,171.9,135,39800,13600,15.2,8.89,2280,776,9.71,5.11,2520,1180,12,19
TRUE,350×350,H-350x357x19x19x13,350,357,19,19,13,196.4,154,42300,14400,14.7,8.57,2420,808,9.74,5.02,2730,1240,19,19
TRUE,350×350,H-356x352x14x22x13,356,352,14,22,13,200,157,47100,16000,15.4,8.94,2650,909,9.79,4.5,2950,1380,14,22
TRUE,400×400,H-388x402x15x15x22,388,402,15,15,22,178.5,140,49000,16300,16.6,9.55,2520,809,10.8,6.94,2800,1240,15,15
TRUE,400×400,H-394x398x11x18x22,394,398,11,18,22,186.8,147,56100,18900,17.3,10.1,2850,951,10.9,6.02,3120,1440,11,18
TRUE,400×400,H-394x405x18x18x22,394,405,18,18,22,214.4,168,59700,20000,16.7,9.65,3030,985,10.9,5.9,3390,1510,18,18
FALSE,400×400,H-400x400x13x21x22,400,400,13,21,22,218.7,172,66600,22400,17.5,10.1,3330,1120,11,5.25,3670,1700,13,21
TRUE,400×400,H-400x408x21x21x22,400,408,21,21,22,250.7,197,70900,23800,16.8,9.75,3540,1170,11.1,5.16,3990,1790,21,21
TRUE,400×400,H-406x403x16x24x22,406,403,16,24,22,254.9,200,78000,26200,17.5,10.1,3840,1300,11.1,4.67,4280,1980,16,24
TRUE,400×400,H-414x405x18x28x22,414,405,18,28,22,295.4,232,92800,31000,17.7,10.2,4480,1530,11.2,4.1,5030,2330,18,28
TRUE,400×400,H-428x407x20x35x22,428,407,20,35,22,360.7,283,119000,39400,18.2,10.4,5570,1930,11.4,3.42,6310,2940,20,35
TRUE,400×400,H-458x417x30x50x22,458,417,30,50,22,528.6,415,187000,60500,18.8,10.7,8170,2900,11.8,2.58,9540,4440,30,50
TRUE,400×400,H-498x432x45x70x22,498,432,45,70,22,770.1,605,298000,94400,19.7,11.1,12000,4370,12.3,2.03,14500,6720,45,70
FALSE,150×100,H-148x100x6x9x8,148,100,6,9,8,26.35,20.7,1000,150,6.17,2.39,135,30.1,2.71,4.46,154,46.4,6,9
FALSE,200×150,H-194x150x6x9x8,194,150,6,9,8,38.11,29.9,2630,507,8.3,3.65,271,67.6,4.09,5.87,301,103,6,9
FALSE,250×175,H-244x175x7x11x13,244,175,7,11,13,55.49,43.6,6040,984,10.4,4.21,495,112,4.72,5.99,550,172,7,11
FALSE,300×200,H-294x200x8x12x13,294,200,8,12,13,71.05,55.8,11100,1600,12.5,4.75,756,160,5.38,6.59,842,245,8,12
TRUE,300×200,H-298x201x9x14x13,298,201,9,14,13,82.03,64.4,13100,1900,12.6,4.81,878,189,5.44,5.76,982,289,9,14
TRUE,350×250,H-336x249x8x12x13,336,249,8,12,13,86.17,67.6,18100,3090,14.5,5.99,1070,248,6.73,7.56,1190,378,8,12
FALSE,350×250,H-340x250x9x14x13,340,250,9,14,13,99.53,78.1,21200,3650,14.6,6.05,1250,292,6.79,6.6,1380,445,9,14
TRUE,400×300,H-386x299x9x14x13,386,299,9,14,13,117.4,92.2,32900,6240,16.7,7.29,1700,417,8.14,7.5,1870,634,9,14
FALSE,400×300,H-390x300x10x16x13,390,300,10,16,13,133.3,105,37900,7200,16.9,7.35,1940,480,8.19,6.66,2140,730,10,16
TRUE,450×300,H-434x299x10x15x13,434,299,10,15,13,131.6,103,45500,6690,18.6,7.13,2090,447,8.07,7.81,2320,682,10,15
FALSE,450×300,H-440x300x11x18x13,440,300,11,18,13,153.9,121,54700,8110,18.9,7.26,2490,540,8.16,6.65,2760,823,11,18
TRUE,450×300,H-446x302x13x21x13,446,302,13,21,13,180.8,142,65000,9650,19,7.31,2920,639,8.24,5.79,3250,976,13,21
FALSE,500×300,H-482x300x11x15x13,482,300,11,15,13,141.2,111,58300,6760,20.3,6.92,2420,450,7.99,8.56,2700,690,11,15
FALSE,500×300,H-488x300x11x18x13,488,300,11,18,13,159.2,125,68900,8110,20.8,7.14,2820,540,8.1,7.32,3130,825,11,18
TRUE,500×300,H-494x302x13x21x13,494,302,13,21,13,187.1,147,81700,9650,20.9,7.18,3310,639,8.18,6.37,3700,978,13,21
FALSE,600×300,H-582x300x12x17x13,582,300,12,17,13,169.2,133,98900,7660,24.2,6.73,3400,511,7.9,9.01,3820,786,12,17
FALSE,600×300,H-588x300x12x20x13,588,300,12,20,13,187.2,147,114000,9010,24.7,6.94,3890,601,8.01,7.85,4350,921,12,20
TRUE,600×300,H-594x302x14x23x13,594,302,14,23,13,217.1,170,134000,10600,24.8,6.98,4500,700,8.08,6.91,5060,1080,14,23
FALSE,700×300,H-692x300x13x20x18,692,300,13,20,18,207.5,163,168000,9020,28.5,6.59,4870,601,7.81,9.01,5500,930,13,20
FALSE,700×300,H-700x300x13x24x18,700,300,13,24,18,231.5,182,197000,10800,29.2,6.83,5640,721,7.95,7.73,6340,1110,13,24
TRUE,700×300,H-708x302x15x28x18,708,302,15,28,18,269.7,212,233000,12900,29.4,6.91,6590,853,8.04,6.73,7430,1320,15,28
FALSE,800×300,H-792x300x14x22x18,792,300,14,22,18,239.5,188,248000,9920,32.2,6.44,6270,661,7.74,9.28,7140,1030,14,22
FALSE,800×300,H-800x300x14x26x18,800,300,14,26,18,263.5,207,286000,11700,33,6.67,7160,781,7.87,8.08,8100,1210,14,26
TRUE,800×300,H-808x302x16x30x18,808,302,16,30,18,303.7,238,334000,13800,33.2,6.74,8270,914,7.96,7.1,9390,1420,16,30
TRUE,800×300,H-816x303x17x34x18,816,303,17,34,18,336,264,378000,15800,33.6,6.86,9270,1040,8.05,6.38,10500,1620,17,34
FALSE,900×300,H-890x299x15x23x18,890,299,15,23,18,266.9,210,339000,10300,35.6,6.2,7610,687,7.59,9.83,8750,1080,15,23
FALSE,900×300,H-900x300x16x28x18,900,300,16,28,18,305.8,240,404000,12600,36.4,6.43,8990,842,7.75,8.31,10300,1320,16,28
TRUE,900×300,H-912x302x18x34x18,912,302,18,34,18,360.1,283,491000,15700,36.9,6.59,10800,1040,7.9,7.01,12300,1620,18,34
TRUE,900×300,H-918x303x19x37x18,918,303,19,37,18,387.4,304,535000,17200,37.2,6.67,11700,1140,7.96,6.52,13400,1780,19,37
FALSE,150×75,H-150x75x5x7x8,150,75,5,7,8,17.85,14,666,49.5,6.11,1.66,88.8,13.2,1.96,5.6,102,20.8,5,7
FALSE,175×90,H-175x90x5x8x8,175,90,5,8,8,22.9,18,1210,97.5,7.26,2.06,138,21.7,2.39,5.81,156,33.6,5,8
FALSE,200×100,H-198x99x4.5x7x8,198,99,4.5,7,8,22.69,17.8,1540,113,8.25,2.24,156,22.9,2.6,7.43,175,35.5,4.5,7
FALSE,200×100,H-200x100x5.5x8x8,200,100,5.5,8,8,26.67,20.9,1810,134,8.23,2.24,181,26.7,2.63,6.57,205,41.6,5.5,8
FALSE,250×125,H-248x124x5x8x8,248,124,5,8,8,31.99,25.1,3450,255,10.4,2.82,278,41.1,3.27,8.19,312,63.2,5,8
FALSE,250×125,H-250x125x6x9x8,250,125,6,9,8,36.97,29,3960,294,10.4,2.82,317,47,3.3,7.33,358,72.7,6,9
FALSE,300×150,H-298x149x5.5x8x13,298,149,5.5,8,13,40.8,32,6320,442,12.4,3.29,424,59.3,3.85,9.61,475,91.8,5.5,8
FALSE,300×150,H-300x150x6.5x9x13,300,150,6.5,9,13,46.78,36.7,7210,508,12.4,3.29,481,67.7,3.87,8.61,542,105,6.5,9
FALSE,350×175,H-346x174x6x9x13,346,174,6,9,13,52.45,41.2,11000,791,14.5,3.88,638,91,4.53,10,712,140,6,9
FALSE,350×175,H-350x175x7x11x13,350,175,7,11,13,62.91,49.4,13500,984,14.6,3.96,771,112,4.6,8.35,864,173,7,11
TRUE,350×175,H-354x176x8x13x13,354,176,8,13,13,73.45,57.7,16000,1180,14.8,4.01,906,134,4.65,7.2,1020,208,8,13
FALSE,400×200,H-396x199x7x11x13,396,199,7,11,13,71.41,56.1,19800,1450,16.6,4.5,999,145,5.23,9.45,1110,223,7,11
FALSE,400×200,H-400x200x8x13x13,400,200,8,13,13,83.37,65.4,23500,1740,16.8,4.56,1170,174,5.29,8.13,1310,267,8,13
TRUE,400×200,H-404x201x9x15x13,404,201,9,15,13,95.41,74.9,27200,2030,16.9,4.62,1350,202,5.34,7.16,1510,312,9,15
TRUE,450×200,H-446x199x8x12x13,446,199,8,12,13,82.97,65.1,28100,1580,18.4,4.36,1260,159,5.16,9.64,1420,245,8,12
FALSE,450×200,H-450x200x9x14x13,450,200,9,14,13,95.43,74.9,32900,1870,18.6,4.43,1460,187,5.23,8.4,1650,290,9,14
TRUE,450×200,H-456x201x10x17x13,456,201,10,17,13,112,87.9,39800,2310,18.9,4.54,1750,229,5.31,7.09,1980,355,10,17
TRUE,500×200,H-496x199x9x14x13,496,199,9,14,13,99.29,77.9,40800,1840,20.3,4.31,1650,185,5.14,9.16,1870,288,9,14
FALSE,500×200,H-500x200x10x16x13,500,200,10,16,13,112.3,88.2,46800,2140,20.4,4.36,1870,214,5.2,8.13,2130,333,10,16
TRUE,500×200,H-506x201x11x19x13,506,201,11,19,13,129.3,102,55500,2580,20.7,4.46,2190,257,5.28,7,2500,399,11,19
TRUE,600×200,H-596x199x10x15x13,596,199,10,15,13,117.8,92.5,66600,1980,23.8,4.1,2240,199,5.03,10,2580,312,10,15
FALSE,600×200,H-600x200x11x17x13,600,200,11,17,13,131.7,103,75600,2270,24,4.16,2520,227,5.09,8.98,2900,358,11,17
TRUE,600×200,H-606x201x12x20x13,606,201,12,20,13,149.8,118,88300,2720,24.3,4.26,2910,270,5.17,7.8,3360,426,12,20
TRUE,600×200,H-612x202x13x23x13,612,202,13,23,13,168,132,101000,3170,24.6,4.35,3310,314,5.25,6.91,3820,495,13,23
FALSE,400×200,SH-400x200x9x12x13,400,200,9,12,13,83.29,65.4,22600,1600,16.5,4.39,1130,160,5.2,8.66,1280,249,9,12
FALSE,400×200,SH-400x200x9x16x13,400,200,9,16,13,98.57,77.4,27800,2140,16.8,4.66,1390,214,5.35,6.69,1560,329,9,16
FALSE,400×200,SH-400x200x9x19x13,400,200,9,19,13,110,86.4,31600,2540,17,4.8,1580,254,5.43,5.71,1770,388,9,19
FALSE,400×200,SH-400x200x9x22x13,400,200,9,22,13,121.5,95.4,35300,2940,17,4.92,1760,294,5.49,4.99,1970,448,9,22
FALSE,400×200,SH-400x200x12x16x13,400,200,12,16,13,109.6,86,29100,2140,16.3,4.42,1450,214,5.25,6.56,1660,335,12,16
FALSE,400×200,SH-400x200x12x19x13,400,200,12,19,13,120.9,94.9,32800,2540,16.5,4.58,1640,254,5.34,5.62,1870,394,12,19
FALSE,400×200,SH-400x200x12x22x13,400,200,12,22,13,132.2,104,36400,2940,16.6,4.72,1820,294,5.41,4.92,2070,454,12,22
FALSE,450×200,SH-450x200x9x12x13,450,200,9,12,13,87.79,68.9,29500,1600,18.3,4.27,1310,160,5.13,9.62,1490,250,9,12
FALSE,450×200,SH-450x200x9x16x13,450,200,9,16,13,103.1,80.9,36200,2140,18.8,4.55,1610,214,5.3,7.45,1810,330,9,16
FALSE,450×200,SH-450x200x9x19x13,450,200,9,19,13,114.5,89.9,41200,2540,19,4.71,1830,254,5.38,6.37,2050,389,9,19
FALSE,450×200,SH-450x200x9x22x13,450,200,9,22,13,126,98.9,45900,2940,19.1,4.83,2040,294,5.44,5.57,2280,449,9,22
FALSE,450×200,SH-450x200x12x16x13,450,200,12,16,13,115.6,90.7,38100,2140,18.1,4.3,1690,214,5.18,7.28,1940,336,12,16
FALSE,450×200,SH-450x200x12x19x13,450,200,12,19,13,126.9,99.6,42900,2540,18.4,4.47,1910,254,5.28,6.26,2180,396,12,19
FALSE,450×200,SH-450x200x12x22x13,450,200,12,22,13,138.2,108,47600,2940,18.6,4.61,2120,294,5.36,5.48,2410,456,12,22
FALSE,450×200,SH-450x200x12x25x13,450,200,12,25,13,149.5,117,52200,3340,18.7,4.73,2320,334,5.42,4.88,2630,516,12,25
FALSE,450×250,SH-450x250x9x12x13,450,250,9,12,13,99.79,78.3,35200,3130,18.8,5.6,1570,250,6.55,9.83,1750,385,9,12
FALSE,450×250,SH-450x250x9x16x13,450,250,9,16,13,119.1,93.5,43800,4170,19.2,5.92,1950,334,6.73,7.57,2160,510,9,16
FALSE,450×250,SH-450x250x9x19x13,450,250,9,19,13,133.5,105,50000,4950,19.3,6.09,2220,396,6.82,6.46,2460,603,9,19
FALSE,450×250,SH-450x250x9x22x13,450,250,9,22,13,148,116,56000,5730,19.5,6.22,2490,459,6.88,5.63,2750,697,9,22
TRUE,450×250,SH-450x250x12x16x13,450,250,12,16,13,131.6,103,45600,4170,18.6,5.63,2030,334,6.6,7.43,2290,516,12,16
FALSE,450×250,SH-450x250x12x19x13,450,250,12,19,13,145.9,115,51700,4960,18.8,5.83,2300,396,6.71,6.36,2590,610,12,19
FALSE,450×250,SH-450x250x12x22x13,450,250,12,22,13,160.2,126,57700,5740,19,5.98,2560,459,6.79,5.56,2880,703,12,22
FALSE,450×250,SH-450x250x12x25x13,450,250,12,25,13,174.5,137,63500,6520,19.1,6.11,2820,521,6.86,4.94,3160,797,12,25
FALSE,450×250,SH-450x250x12x28x13,450,250,12,28,13,188.7,148,69100,7300,19.1,6.22,3070,584,6.91,4.44,3450,890,12,28
FALSE,500×200,SH-500x200x9x12x13,500,200,9,12,13,92.29,72.4,37500,1600,20.2,4.17,1500,160,5.07,10.6,1720,251,9,12
FALSE,500×200,SH-500x200x9x16x13,500,200,9,16,13,107.6,84.5,46000,2140,20.7,4.46,1840,214,5.25,8.2,2080,331,9,16
FALSE,500×200,SH-500x200x9x19x13,500,200,9,19,13,119,93.4,52100,2540,20.9,4.62,2090,254,5.34,7.02,2340,390,9,19
FALSE,500×200,SH-500x200x9x22x13,500,200,9,22,13,130.5,102,58100,2940,21.1,4.74,2330,294,5.4,6.14,2600,450,9,22
FALSE,500×200,SH-500x200x12x16x13,500,200,12,16,13,121.6,95.5,48500,2140,20,4.2,1940,214,5.12,7.99,2240,338,12,16
FALSE,500×200,SH-500x200x12x19x13,500,200,12,19,13,132.9,104,54600,2540,20.3,4.37,2180,254,5.23,6.88,2500,398,12,19
FALSE,500×200,SH-500x200x12x22x13,500,200,12,22,13,144.2,113,60500,2940,20.5,4.52,2420,294,5.31,6.03,2760,458,12,22
FALSE,500×200,SH-500x200x12x25x13,500,200,12,25,13,155.5,122,66300,3340,20.6,4.64,2650,334,5.38,5.38,3010,517,12,25
FALSE,500×250,SH-500x250x9x12x13,500,250,9,12,13,104.3,81.9,44600,3130,20.7,5.48,1780,250,6.49,10.8,2010,386,9,12
FALSE,500×250,SH-500x250x9x16x13,500,250,9,16,13,123.6,97,55300,4170,21.2,5.81,2210,334,6.67,8.34,2460,511,9,16
FALSE,500×250,SH-500x250x9x19x13,500,250,9,19,13,138,108,63100,4950,21.4,5.99,2530,396,6.77,7.13,2800,604,9,19
FALSE,500×250,SH-500x250x9x22x13,500,250,9,22,13,152.5,120,70700,5730,21.5,6.13,2830,459,6.84,6.22,3130,698,9,22
FALSE,500×250,SH-500x250x12x16x13,500,250,12,16,13,137.6,108,57900,4170,20.5,5.51,2320,334,6.54,8.17,2630,518,12,16
FALSE,500×250,SH-500x250x12x19x13,500,250,12,19,13,151.9,119,65600,4960,20.8,5.71,2620,396,6.65,7,2960,612,12,19
FALSE,500×250,SH-500x250x12x22x13,500,250,12,22,13,166.2,130,73100,5740,21,5.88,2920,459,6.74,6.13,3290,705,12,22
FALSE,500×250,SH-500x250x12x25x13,500,250,12,25,13,180.5,142,80400,6520,21.1,6.01,3220,521,6.81,5.45,3610,799,12,25
FALSE,500×250,SH-500x250x12x28x13,500,250,12,28,13,194.7,153,87500,7300,21.2,6.12,3500,584,6.87,4.9,3930,892,12,28
FALSE,500×300,SH-500x300x9x16x13,500,300,9,16,13,139.6,110,64700,7200,21.5,7.18,2590,480,8.11,8.45,2850,731,9,16
FALSE,500×300,SH-500x300x9x19x13,500,300,9,19,13,157,123,74100,8550,21.7,7.38,2960,570,8.2,7.2,3260,865,9,19
FALSE,500×300,SH-500x300x12x16x13,500,300,12,16,13,153.6,121,67300,7210,20.9,6.85,2690,481,7.96,8.29,3010,738,12,16
FALSE,500×300,SH-500x300x12x19x13,500,300,12,19,13,170.9,134,76600,8560,21.2,7.08,3060,571,8.08,7.09,3420,873,12,19
FALSE,500×300,SH-500x300x12x22x13,500,300,12,22,13,188.2,148,85700,9910,21.3,7.26,3430,661,8.18,6.19,3810,1010,12,22
FALSE,500×300,SH-500x300x12x25x13,500,300,12,25,13,205.5,161,94500,11300,21.4,7.4,3780,751,8.25,5.5,4200,1140,12,25
FALSE,500×300,SH-500x300x12x28x13,500,300,12,28,13,222.7,175,103000,12600,21.5,7.52,4130,841,8.3,4.94,4590,1280,12,28
FALSE,500×300,SH-500x300x14x19x13,500,300,14,19,13,180.1,141,78200,8560,20.8,6.89,3130,571,8.01,7.02,3520,879,14,19
FALSE,500×300,SH-500x300x14x22x13,500,300,14,22,13,197.3,155,87.3,9910,21,7.09,3490,661,8.11,6.14,3920,1010,14,22
FALSE,500×300,SH-500x300x14x25x13,500,300,14,25,13,214.5,168,96000,11300,21.2,7.25,3840,751,8.19,5.46,4300,1150,14,25
FALSE,500×300,SH-500x300x14x28x13,500,300,14,28,13,231.6,182,105000,12600,21.3,7.38,4180,841,8.26,4.91,4690,1280,14,28
FALSE,500×300,SH-500x300x16x19x13,500,300,16,19,13,189.4,149,79900,8570,20.5,6.73,3200,571,7.93,6.96,3630,886,16,19
FALSE,500×300,SH-500x300x16x22x13,500,300,16,22,13,206.4,162,88800,9920,20.7,6.93,3550,661,8.04,6.09,4020,1020,16,22
FALSE,500×300,SH-500x300x16x25x13,500,300,16,25,13,223.5,175,97600,11300,20.9,7.1,3900,751,8.13,5.42,4400,1160,16,25
FALSE,500×300,SH-500x300x16x28x13,500,300,16,28,13,240.5,189,106000,12600,21,7.24,4240,841,8.21,4.89,4790,1290,16,28
FALSE,500×300,SH-500x300x16x32x13,500,300,16,32,13,263.2,207,117000,14400,21.1,7.4,4680,961,8.28,4.31,5280,1470,16,32
FALSE,550×200,SH-550x200x9x12x13,550,200,9,12,13,96.79,76,46600,1600,22,4.07,1700,160,5.01,11.5,1950,252,9,12
FALSE,550×200,SH-550x200x9x16x13,550,200,9,16,13,112.1,88,57000,2140,22.6,4.37,2070,214,5.2,8.93,2350,332,9,16
FALSE,550×200,SH-550x200x9x19x13,550,200,9,19,13,123.5,96.9,64600,2540,22.9,4.53,2350,254,5.29,7.66,2640,391,9,19
FALSE,550×200,SH-550x200x9x22x13,550,200,9,22,13,135,106,72000,2940,23.1,4.66,2620,294,5.36,6.71,2940,451,9,22
FALSE,550×200,SH-550x200x12x16x13,550,200,12,16,13,127.6,100,60500,2140,21.8,4.1,2200,214,5.06,8.69,2550,340,12,16
FALSE,550×200,SH-550x200x12x19x13,550,200,12,19,13,138.9,109,67900,2540,22.1,4.28,2470,254,5.17,7.48,2840,400,12,19
FALSE,550×200,SH-550x200x12x22x13,550,200,12,22,13,150.2,118,75200,2940,22.4,4.43,2740,294,5.26,6.57,3130,460,12,22
FALSE,550×200,SH-550x200x12x25x13,550,200,12,25,13,161.5,127,82300,3340,22.6,4.55,2990,334,5.33,5.86,3410,519,12,25
FALSE,550×250,SH-550x250x9x12x13,550,250,9,12,13,108.8,85.4,55300,3130,22.6,5.36,2010,250,6.42,11.8,2270,387,9,12
FALSE,550×250,SH-550x250x9x16x13,550,250,9,16,13,128.1,101,68400,4170,23.1,5.71,2490,334,6.62,9.1,2780,512,9,16
FALSE,550×250,SH-550x250x9x19x13,550,250,9,19,13,142.5,112,78000,4950,23.4,5.89,2840,396,6.72,7.78,3150,605,9,19
FALSE,550×250,SH-550x250x9x22x13,550,250,9,22,13,157,123,87300,5730,23.6,6.04,3180,459,6.8,6.8,3520,699,9,22
TRUE,550×250,SH-550x250x12x16x13,550,250,12,16,13,143.6,113,71900,4180,22.4,5.39,2610,334,6.47,8.9,2980,520,12,16
FALSE,550×250,SH-550x250x12x19x13,550,250,12,19,13,157.9,124,81300,4960,22.7,5.6,2960,397,6.59,7.63,3350,613,12,19
FALSE,550×250,SH-550x250x12x22x13,550,250,12,22,13,172.2,135,90600,5740,22.9,5.77,3290,459,6.69,6.69,3710,707,12,22
FALSE,550×250,SH-550x250x12x25x13,550,250,12,25,13,186.5,146,99600,6520,23.1,5.91,3620,522,6.76,5.95,4070,801,12,25
FALSE,550×250,SH-550x250x12x28x13,550,250,12,28,13,200.7,158,108000,7300,23.2,6.03,3940,584,6.82,5.36,4420,894,12,28
TRUE,550×300,SH-550x300x9x16x13,550,300,9,16,13,144.1,113,79800,7200,23.5,7.07,2900,480,8.05,9.23,3200,732,9,16
FALSE,550×300,SH-550x300x9x19x13,550,300,9,19,13,161.5,127,91400,8550,23.8,7.28,3320,570,8.16,7.87,3650,866,9,19
FALSE,550×300,SH-550x300x12x16x13,550,300,12,16,13,159.6,125,83300,7210,22.8,6.72,3030,481,7.89,9.04,3410,740,12,16
FALSE,550×300,SH-550x300x12x19x13,550,300,12,19,13,176.9,139,94700,8560,23.1,6.96,3450,571,8.02,7.74,3850,875,12,19
FALSE,550×300,SH-550x300x12x22x13,550,300,12,22,13,194.2,152,106000,9910,23.4,7.14,3850,661,8.12,6.77,4290,1010,12,22
FALSE,550×300,SH-550x300x12x25x13,550,300,12,25,13,211.5,166,117000,11300,23.5,7.3,4250,751,8.2,6.01,4720,1140,12,25
FALSE,550×300,SH-550x300x12x28x13,550,300,12,28,13,228.7,180,127000,12600,23.6,7.42,4640,841,8.26,5.41,5150,1280,12,28
TRUE,550×300,SH-550x300x14x19x13,550,300,14,19,13,187.1,147,97000,8560,22.8,6.76,3530,571,7.94,7.66,3980,882,14,19
TRUE,550×300,SH-550x300x14x22x13,550,300,14,22,13,204.3,160,108000,9910,23,6.97,3930,661,8.05,6.71,4420,1020,14,22
TRUE,550×300,SH-550x300x14x25x13,550,300,14,25,13,221.5,174,119000,11300,23.2,7.13,4320,751,8.13,5.96,4850,1150,14,25
TRUE,550×300,SH-550x300x14x28x13,550,300,14,28,13,238.6,187,129000,12600,23.3,7.27,4710,841,8.2,5.37,5270,1290,14,28
FALSE,550×300,SH-550x300x16x22x13,550,300,16,22,13,214.4,168,110000,9920,22.7,6.8,4010,661,7.98,6.65,4550,1020,16,22
FALSE,550×300,SH-550x300x16x25x13,550,300,16,25,13,231.5,182,121000,11300,22.9,6.98,4400,751,8.07,5.92,4970,1160,16,25
FALSE,550×300,SH-550x300x16x28x13,550,300,16,28,13,248.5,195,131000,12600,23,7.13,4780,841,8.15,5.34,5400,1290,16,28
FALSE,600×200,SH-600x200x9x12x13,600,200,9,12,13,101.3,79.5,57000,1600,23.7,3.98,1900,160,4.95,12.4,2200,253,9,12
FALSE,600×200,SH-600x200x9x16x13,600,200,9,16,13,116.6,91.5,69500,2140,24.4,4.28,2320,214,5.15,9.65,2640,333,9,16
FALSE,600×200,SH-600x200x9x19x13,600,200,9,19,13,128,100,78600,2540,24.8,4.45,2620,254,5.25,8.29,2960,392,9,19
FALSE,600×200,SH-600x200x9x22x13,600,200,9,22,13,139.5,110,87500,2940,25,4.59,2920,294,5.33,7.26,3280,452,9,22
FALSE,600×200,SH-600x200x12x16x13,600,200,12,16,13,133.6,105,74100,2140,23.5,4,2470,214,5,9.37,2880,342,12,16
FALSE,600×200,SH-600x200x12x19x13,600,200,12,19,13,144.9,114,83000,2540,23.9,4.19,2770,254,5.12,8.08,3200,402,12,19
FALSE,600×200,SH-600x200x12x22x13,600,200,12,22,13,156.2,123,91800,2940,24.2,4.34,3060,294,5.21,7.11,3510,461,12,22
FALSE,600×200,SH-600x200x12x25x13,600,200,12,25,13,167.5,131,100000,3340,24.5,4.47,3350,334,5.29,6.34,3820,521,12,25
FALSE,600×200,SH-600x200x12x28x13,600,200,12,28,13,178.7,140,109000,3740,24.7,4.58,3630,374,5.35,5.73,4130,581,12,28
FALSE,600×250,SH-600x250x9x16x13,600,250,9,16,13,132.6,104,83100,4170,25,5.61,2770,334,6.57,9.86,3100,513,9,16
FALSE,600×250,SH-600x250x9x19x13,600,250,9,19,13,147,115,94600,4950,25.4,5.8,3150,396,6.68,8.43,3510,606,9,19
FALSE,600×250,SH-600x250x12x16x13,600,250,12,16,13,149.6,117,87700,4180,24.2,5.28,2920,334,6.41,9.61,3340,522,12,16
FALSE,600×250,SH-600x250x12x19x13,600,250,12,19,13,163.9,129,99100,4960,24.6,5.5,3300,397,6.54,8.26,3750,615,12,19
FALSE,600×250,SH-600x250x12x22x13,600,250,12,22,13,178.2,140,110000,5740,24.9,5.68,3670,459,6.64,7.24,4150,709,12,22
FALSE,600×250,SH-600x250x12x25x13,600,250,12,25,13,192.5,151,121000,6520,25.1,5.82,4040,522,6.72,6.45,4540,802,12,25
FALSE,600×250,SH-600x250x12x28x13,600,250,12,28,13,206.7,162,132000,7300,25.2,5.94,4390,584,6.78,5.81,4930,896,12,28
FALSE,600×250,SH-600x250x14x19x13,600,250,14,19,13,175.1,137,102000,4960,24.1,5.32,3400,397,6.45,8.14,3910,623,14,19
TRUE,600×250,SH-600x250x14x22x13,600,250,14,22,13,189.3,149,113000,5740,24.4,5.51,3770,459,6.56,7.16,4300,716,14,22
TRUE,600×250,SH-600x250x14x25x13,600,250,14,25,13,203.5,160,124000,6520,24.7,5.66,4130,522,6.65,6.38,4690,810,14,25
TRUE,600×250,SH-600x250x14x28x13,600,250,14,28,13,217.6,171,134000,7310,24.9,5.79,4480,584,6.72,5.76,5080,903,14,28
TRUE,600×250,SH-600x250x16x22x13,600,250,16,22,13,200.4,157,116000,5750,24.1,5.36,3860,460,6.48,7.07,4460,725,16,22
FALSE,600×250,SH-600x250x16x25x13,600,250,16,25,13,214.5,168,127000,6530,24.3,5.52,4220,522,6.58,6.32,4840,818,16,25
FALSE,600×250,SH-600x250x16x28x13,600,250,16,28,13,228.5,179,137000,7310,24.5,5.66,4570,585,6.66,5.71,5230,911,16,28
FALSE,600×250,SH-600x250x16x32x13,600,250,16,32,13,247.2,194,151000,8350,24.7,5.81,5020,668,6.75,5.06,5730,1040,16,32
FALSE,600×300,SH-600x300x9x19x13,600,300,9,19,13,166,130,111000,8550,25.8,7.18,3690,570,8.11,8.54,4060,867,9,19
FALSE,600×300,SH-600x300x12x16x13,600,300,12,16,13,165.6,130,101000,7210,24.7,6.6,3380,481,7.83,9.78,3810,742,12,16
FALSE,600×300,SH-600x300x12x19x13,600,300,12,19,13,182.9,144,115000,8560,25.1,6.84,3840,571,7.96,8.38,4300,877,12,19
FALSE,600×300,SH-600x300x12x22x13,600,300,12,22,13,200.2,157,129000,9910,25.3,7.04,4290,661,8.07,7.33,4780,1010,12,22
FALSE,600×300,SH-600x300x12x25x13,600,300,12,25,13,217.5,171,142000,11300,25.5,7.2,4730,751,8.15,6.52,5260,1150,12,25
FALSE,600×300,SH-600x300x12x28x13,600,300,12,28,13,234.7,184,155000,12600,25.7,7.33,5160,841,8.22,5.87,5730,1280,12,28
FALSE,600×300,SH-600x300x14x19x13,600,300,14,19,13,194.1,152,118000,8560,24.7,6.64,3940,571,7.87,8.28,4460,884,14,19
FALSE,600×300,SH-600x300x14x22x13,600,300,14,22,13,211.3,166,131000,9910,24.9,6.85,4380,661,7.99,7.26,4940,1020,14,22
FALSE,600×300,SH-600x300x14x25x13,600,300,14,25,13,228.5,179,145000,11300,25.2,7.02,4820,751,8.08,6.46,5410,1150,14,25
FALSE,600×300,SH-600x300x14x28x13,600,300,14,28,13,245.6,193,157000,12600,25.3,7.17,5250,841,8.15,5.82,5880,1290,14,28
FALSE,600×300,SH-600x300x14x32x13,600,300,14,32,13,268.5,211,174000,14400,25.5,7.33,5800,961,8.23,5.15,6500,1470,14,32
FALSE,600×300,SH-600x300x16x22x13,600,300,16,22,13,222.4,175,134000,9920,24.6,6.68,4480,661,7.91,7.19,5090,1030,16,22
FALSE,600×300,SH-600x300x16x25x13,600,300,16,25,13,239.5,188,147000,11300,24.8,6.86,4910,751,8.01,6.41,5560,1160,16,25
FALSE,600×300,SH-600x300x16x28x13,600,300,16,28,13,256.5,201,160000,12600,25,7.01,5330,841,8.09,5.78,6030,1300,16,28
FALSE,600×300,SH-600x300x16x32x13,600,300,16,32,13,279.2,219,177000,14400,25.1,7.19,5890,961,8.18,5.11,6640,1480,16,32
FALSE,650×200,SH-650x200x9x12x13,650,200,9,12,13,105.8,83.1,68600,1600,25.5,3.89,2110,160,4.9,13.3,2460,254,9,12
FALSE,650×200,SH-650x200x9x16x13,650,200,9,16,13,121.1,95.1,83400,2140,26.2,4.2,2570,214,5.1,10.4,2930,334,9,16
FALSE,650×200,SH-650x200x9x19x13,650,200,9,19,13,132.5,104,94200,2540,26.7,4.38,2900,254,5.21,8.91,3280,393,9,19
FALSE,650×200,SH-650x200x9x22x13,650,200,9,22,13,144,113,105000,2940,27,4.52,3220,294,5.29,7.81,3630,453,9,22
FALSE,650×200,SH-650x200x12x16x13,650,200,12,16,13,139.6,110,89300,2140,25.3,3.92,2750,214,4.94,10,3220,344,12,16
FALSE,650×200,SH-650x200x12x19x13,650,200,12,19,13,150.9,118,99900,2540,25.7,4.11,3070,254,5.07,8.66,3570,403,12,19
FALSE,650×200,SH-650x200x12x22x13,650,200,12,22,13,162.2,127,110000,2940,26.1,4.26,3400,294,5.16,7.63,3910,463,12,22
FALSE,650×200,SH-650x200x12x25x13,650,200,12,25,13,173.5,136,121000,3340,26.4,4.39,3710,334,5.24,6.81,4250,523,12,25
FALSE,650×200,SH-650x200x12x28x13,650,200,12,28,13,184.7,145,131000,3740,26.6,4.5,4020,374,5.31,6.16,4580,583,12,28
FALSE,650×250,SH-650x250x9x16x13,650,250,9,16,13,137.1,108,99500,4170,26.9,5.52,3060,334,6.52,10.6,3440,514,9,16
FALSE,650×250,SH-650x250x12x16x13,650,250,12,16,13,155.6,122,105000,4180,26,5.18,3240,334,6.34,10.3,3730,524,12,16
FALSE,650×250,SH-650x250x12x19x13,650,250,12,19,13,169.9,133,119000,4960,26.4,5.4,3660,397,6.48,8.87,4160,617,12,19
FALSE,650×250,SH-650x250x12x22x13,650,250,12,22,13,184.2,145,132000,5740,26.8,5.58,4060,459,6.59,7.78,4600,711,12,22
FALSE,650×250,SH-650x250x12x25x13,650,250,12,25,13,198.5,156,145000,6520,27,5.73,4460,522,6.67,6.94,5030,804,12,25
FALSE,650×250,SH-650x250x12x28x13,650,250,12,28,13,212.7,167,158000,7300,27.2,5.86,4850,584,6.74,6.26,5460,898,12,28
TRUE,650×250,SH-650x250x14x19x13,650,250,14,19,13,182.1,143,123000,4960,26,5.22,3770,397,6.39,8.74,4350,625,14,19
FALSE,650×250,SH-650x250x14x22x13,650,250,14,22,13,196.3,154,136000,5740,26.3,5.41,4180,460,6.5,7.68,4780,719,14,22
FALSE,650×250,SH-650x250x14x25x13,650,250,14,25,13,210.5,165,149000,6530,26.6,5.57,4570,522,6.6,6.86,5210,812,14,25
TRUE,650×250,SH-650x250x14x28x13,650,250,14,28,13,224.6,176,161000,7310,26.8,5.7,4960,585,6.67,6.19,5630,906,14,28
FALSE,650×250,SH-650x250x16x22x13,650,250,16,22,13,208.4,164,139000,5750,25.9,5.25,4290,460,6.42,7.59,4970,728,16,22
FALSE,650×250,SH-650x250x16x25x13,650,250,16,25,13,222.5,175,152000,6530,26.2,5.42,4680,523,6.52,6.79,5390,821,16,25
FALSE,650×250,SH-650x250x16x28x13,650,250,16,28,13,236.5,186,165000,7310,26.4,5.56,5070,585,6.61,6.14,5810,915,16,28
FALSE,650×250,SH-650x250x16x32x13,650,250,16,32,13,255.2,200,181000,8360,26.6,5.72,5570,668,6.7,5.44,6360,1040,16,32
FALSE,650×300,SH-650x300x12x16x13,650,300,12,16,13,171.6,135,121000,7210,26.6,6.48,3740,481,7.76,10.5,4230,744,12,16
FALSE,650×300,SH-650x300x12x19x13,650,300,12,19,13,188.9,148,138000,8560,27,6.73,4240,571,7.9,9.01,4760,878,12,19
FALSE,650×300,SH-650x300x12x22x13,650,300,12,22,13,206.2,162,154000,9910,27.3,6.93,4730,661,8.01,7.89,5290,1010,12,22
FALSE,650×300,SH-650x300x12x25x13,650,300,12,25,13,223.5,175,169000,11300,27.5,7.1,5210,751,8.1,7.02,5810,1150,12,25
TRUE,650×300,SH-650x300x14x19x13,650,300,14,19,13,201.1,158,142000,8570,26.5,6.53,4360,571,7.8,8.9,4950,886,14,19
TRUE,650×300,SH-650x300x14x22x13,650,300,14,22,13,218.3,171,157000,9920,26.9,6.74,4850,661,7.93,7.81,5470,1020,14,22
TRUE,650×300,SH-650x300x14x25x13,650,300,14,25,13,235.5,185,173000,11300,27.1,6.92,5320,751,8.02,6.95,5990,1160,14,25
FALSE,650×300,SH-650x300x14x28x13,650,300,14,28,13,252.6,198,188000,12600,27.3,7.07,5790,841,8.1,6.27,6500,1290,14,28
FALSE,650×300,SH-650x300x16x22x13,650,300,16,22,13,230.4,181,161000,9920,26.4,6.56,4960,661,7.84,7.72,5660,1030,16,22
FALSE,650×300,SH-650x300x16x25x13,650,300,16,25,13,247.5,194,177000,11300,26.7,6.75,5440,751,7.95,6.89,6170,1160,16,25
FALSE,650×300,SH-650x300x16x28x13,650,300,16,28,13,264.5,208,192000,12600,26.9,6.91,5900,841,8.04,6.22,6680,1300,16,28
FALSE,650×300,SH-650x300x16x32x13,650,300,16,32,13,287.2,225,212000,14400,27.1,7.09,6510,961,8.13,5.51,7350,1480,16,32
FALSE,700×200,SH-700x200x9x12x18,700,200,9,12,18,111.6,87.6,83100,1610,27.3,3.79,2370,161,4.8,14,2770,256,9,12
FALSE,700×200,SH-700x200x9x16x18,700,200,9,16,18,126.9,99.6,100000,2140,28.1,4.11,2860,214,5.02,11,3280,336,9,16
FALSE,700×200,SH-700x200x9x19x18,700,200,9,19,18,138.4,109,113000,2540,28.6,4.28,3220,254,5.13,9.45,3660,396,9,19
FALSE,700×200,SH-700x200x9x22x18,700,200,9,22,18,149.8,118,125000,2940,28.9,4.43,3580,294,5.22,8.3,4040,456,9,22
FALSE,700×200,SH-700x200x12x16x18,700,200,12,16,18,146.9,115,108000,2150,27.1,3.82,3080,215,4.85,10.6,3620,347,12,16
FALSE,700×200,SH-700x200x12x19x18,700,200,12,19,18,158.2,124,120000,2550,27.6,4.01,3430,255,4.98,9.18,3990,407,12,19
FALSE,700×200,SH-700x200x12x22x18,700,200,12,22,18,169.5,133,132000,2950,27.9,4.17,3780,295,5.09,8.1,4360,466,12,22
FALSE,700×200,SH-700x200x12x25x18,700,200,12,25,18,180.8,142,144000,3350,28.3,4.3,4120,335,5.17,7.24,4730,526,12,25
FALSE,700×200,SH-700x200x12x28x18,700,200,12,28,18,192.1,151,156000,3750,28.5,4.42,4460,375,5.24,6.55,5100,586,12,28
FALSE,700×250,SH-700x250x9x16x18,700,250,9,16,18,142.9,112,119000,4170,28.9,5.4,3400,334,6.43,11.3,3830,516,9,16
FALSE,700×250,SH-700x250x9x19x18,700,250,9,19,18,157.4,124,135000,4950,29.3,5.61,3850,396,6.55,9.65,4310,610,9,19
FALSE,700×250,SH-700x250x12x16x18,700,250,12,16,18,162.9,128,126000,4180,27.9,5.06,3610,334,6.25,10.9,4170,527,12,16
FALSE,700×250,SH-700x250x12x19x18,700,250,12,19,18,177.2,139,142000,4960,28.3,5.29,4060,397,6.39,9.42,4640,620,12,19
FALSE,700×250,SH-700x250x12x22x18,700,250,12,22,18,191.5,150,158000,5740,28.7,5.48,4500,459,6.51,8.28,5110,714,12,22
FALSE,700×250,SH-700x250x12x25x18,700,250,12,25,18,205.8,162,173000,6520,29,5.63,4940,522,6.6,7.39,5580,807,12,25
FALSE,700×250,SH-700x250x14x19x18,700,250,14,19,18,190.5,150,147000,4970,27.8,5.11,4200,397,6.29,9.27,4860,629,14,19
FALSE,700×250,SH-700x250x14x22x18,700,250,14,22,18,204.6,161,162000,5750,28.2,5.3,4640,460,6.42,8.17,5330,723,14,22
FALSE,700×250,SH-700x250x14x25x18,700,250,14,25,18,218.8,172,177000,6530,28.5,5.46,5070,522,6.52,7.3,5790,816,14,25
FALSE,700×250,SH-700x250x14x28x18,700,250,14,28,18,232.9,183,192000,7310,28.7,5.6,5490,585,6.6,6.6,6240,910,14,28
FALSE,700×300,SH-700x300x12x19x18,700,300,12,19,18,196.2,154,164000,8560,28.9,6.61,4690,571,7.81,9.59,5290,882,12,19
FALSE,700×300,SH-700x300x12x22x18,700,300,12,22,18,213.5,168,183000,9910,29.3,6.81,5230,661,7.93,8.41,5860,1020,12,22
FALSE,700×300,SH-700x300x12x25x18,700,300,12,25,18,230.8,181,201000,11300,29.5,6.99,5750,751,8.02,7.49,6420,1150,12,25
FALSE,700×300,SH-700x300x12x28x18,700,300,12,28,18,248.1,195,219000,12600,29.7,7.13,6270,841,8.1,6.75,6980,1290,12,28
FALSE,700×300,SH-700x300x14x19x18,700,300,14,19,18,209.5,164,169000,8570,28.4,6.4,4830,571,7.71,9.46,5510,891,14,19
FALSE,700×300,SH-700x300x14x22x18,700,300,14,22,18,226.6,178,188000,9920,28.8,6.62,5360,661,7.84,8.31,6070,1030,14,22
FALSE,700×300,SH-700x300x14x25x18,700,300,14,25,18,243.8,191,206000,11300,29.1,6.8,5880,751,7.94,7.41,6630,1160,14,25
FALSE,700×300,SH-700x300x14x28x18,700,300,14,28,18,260.9,205,224000,12600,29.3,6.95,6390,841,8.03,6.69,7180,1290,14,28
FALSE,700×300,SH-700x300x14x32x18,700,300,14,32,18,283.8,223,247000,14400,29.5,7.13,7060,961,8.12,5.92,7920,1470,14,32
FALSE,700×300,SH-700x300x16x22x18,700,300,16,22,18,239.7,188,192000,9930,28.3,6.43,5490,662,7.75,8.22,6290,1040,16,22
FALSE,700×300,SH-700x300x16x25x18,700,300,16,25,18,256.8,202,210000,11300,28.6,6.63,6010,752,7.86,7.34,6840,1170,16,25
FALSE,700×300,SH-700x300x16x28x18,700,300,16,28,18,273.8,215,228000,12600,28.9,6.79,6520,842,7.96,6.63,7390,1300,16,28
FALSE,700×300,SH-700x300x16x32x18,700,300,16,32,18,296.5,233,251000,14400,29.1,6.97,7180,962,8.06,5.88,8120,1480,16,32
FALSE,700×300,SH-700x300x16x36x18,700,300,16,36,18,319.3,251,274000,16200,29.3,7.13,7830,1080,8.14,5.28,8830,1660,16,36
FALSE,700×350,SH-700x350x12x22x18,700,350,12,22,18,235.5,185,208000,15700,29.7,8.17,5950,899,9.36,8.51,6600,1370,12,22
FALSE,700×350,SH-700x350x12x25x18,700,350,12,25,18,255.8,201,230000,17900,30,8.36,6560,1020,9.46,7.57,7260,1560,12,25
FALSE,700×350,SH-700x350x14x22x18,700,350,14,22,18,248.6,195,213000,15700,29.3,7.96,6080,899,9.26,8.42,6820,1380,14,22
FALSE,700×350,SH-700x350x14x25x18,700,350,14,25,18,268.8,211,234000,17900,29.5,8.16,6700,1020,9.37,7.5,7470,1570,14,25
FALSE,700×350,SH-700x350x14x28x18,700,350,14,28,18,288.9,227,255000,20000,29.7,8.33,7300,1140,9.46,6.76,8130,1750,14,28
FALSE,700×350,SH-700x350x14x32x18,700,350,14,32,18,315.8,248,283000,22900,29.9,8.51,8080,1310,9.56,5.97,8980,1990,14,32
FALSE,700×350,SH-700x350x16x25x18,700,350,16,25,18,281.8,221,239000,17900,29.1,7.97,6830,1020,9.29,7.43,7690,1580,16,25
FALSE,700×350,SH-700x350x16x28x18,700,350,16,28,18,301.8,237,260000,20000,29.3,8.15,7420,1140,9.39,6.71,8330,1760,16,28
FALSE,700×350,SH-700x350x16x32x18,700,350,16,32,18,328.5,258,287000,22900,29.6,8.35,8200,1310,9.49,5.93,9190,2000,16,32
FALSE,700×350,SH-700x350x16x36x18,700,350,16,36,18,355.3,279,314000,25800,18.3,8.51,8960,1470,9.58,5.32,10000,2250,16,36
FALSE,750×250,SH-750x250x12x16x18,750,250,12,16,18,168.9,133,148000,4180,29.6,4.97,3950,334,6.19,11.6,4580,529,12,16
FALSE,750×250,SH-750x250x12x19x18,750,250,12,19,18,183.2,144,166000,4960,30.1,5.2,4440,397,6.34,10,5090,622,12,19
FALSE,750×250,SH-750x250x12x22x18,750,250,12,22,18,197.5,155,184000,5740,30.6,5.39,4920,459,6.46,8.81,5600,716,12,22
FALSE,750×250,SH-750x250x12x25x18,750,250,12,25,18,211.8,166,202000,6520,30.9,5.55,5390,522,6.55,7.86,6100,809,12,25
TRUE,750×250,SH-750x250x14x19x18,750,250,14,19,18,197.5,155,172000,4970,29.6,5.02,4600,397,6.24,9.85,5340,632,14,19
FALSE,750×250,SH-750x250x14x22x18,750,250,14,22,18,211.6,166,190000,5750,30,5.21,5070,460,6.37,8.68,5850,725,14,22
FALSE,750×250,SH-750x250x14x25x18,750,250,14,25,18,225.8,177,208000,6530,30.3,5.38,5540,522,6.47,7.76,6340,819,14,25
FALSE,750×250,SH-750x250x14x28x18,750,250,14,28,18,239.9,188,225000,7310,30.6,5.52,5990,585,6.55,7.02,6840,912,14,28
FALSE,750×300,SH-750x300x14x19x18,750,300,14,19,18,216.5,170,198000,8570,30.2,6.29,5280,571,7.64,10.1,6040,893,14,19
FALSE,750×300,SH-750x300x14x22x18,750,300,14,22,18,233.6,183,219000,9920,30.6,6.52,5850,661,7.78,8.84,6650,1030,14,22
FALSE,750×300,SH-750x300x14x25x18,750,300,14,25,18,250.8,197,241000,11300,31,6.7,6410,751,7.89,7.89,7250,1160,14,25
FALSE,750×300,SH-750x300x14x28x18,750,300,14,28,18,267.9,210,261000,12600,31.2,6.86,6970,841,7.98,7.13,7850,1300,14,28
FALSE,750×300,SH-750x300x16x22x18,750,300,16,22,18,247.7,194,225000,9930,30.2,6.33,6010,662,7.69,8.74,6900,1040,16,22
FALSE,750×300,SH-750x300x16x25x18,750,300,16,25,18,264.8,208,246000,11300,30.5,6.53,6570,752,7.81,7.81,7490,1170,16,25
FALSE,750×300,SH-750x300x16x28x18,750,300,16,28,18,281.8,221,267000,12600,30.8,6.69,7120,842,7.9,7.06,8090,1310,16,28
FALSE,750×300,SH-750x300x16x32x18,750,300,16,32,18,304.5,239,294000,14400,31.1,6.88,7840,962,8.01,6.26,8870,1490,16,32
TRUE,750×350,SH-750x350x14x22x18,750,350,14,22,18,255.6,201,249000,15700,31.2,7.85,6630,899,9.21,8.97,7450,1390,14,22
FALSE,750×350,SH-750x350x14x25x18,750,350,14,25,18,275.8,217,273000,17900,31.5,8.05,7290,1020,9.32,7.99,8150,1570,14,25
FALSE,750×350,SH-750x350x14x28x18,750,350,14,28,18,295.9,232,298000,20000,31.7,8.23,7940,1140,9.41,7.2,8860,1750,14,28
FALSE,750×350,SH-750x350x14x32x18,750,350,14,32,18,322.8,253,330000,22900,32,8.42,8790,1310,9.51,6.37,9780,2000,14,32
FALSE,750×350,SH-750x350x16x25x18,750,350,16,25,18,289.8,227,279000,17900,31,7.86,7440,1020,9.23,7.91,8400,1580,16,25
FALSE,750×350,SH-750x350x16x28x18,750,350,16,28,18,309.8,243,303000,20000,31.3,8.04,8090,1140,9.33,7.14,9100,1760,16,28
FALSE,750×350,SH-750x350x16x32x18,750,350,16,32,18,336.5,264,335000,22900,31.6,8.25,8940,1310,9.44,6.32,10000,2010,16,32
FALSE,750×350,SH-750x350x16x36x18,750,350,16,36,18,363.3,285,366000,25800,31.7,8.42,9760,1470,9.53,5.67,10900,2250,16,36
FALSE,800×250,SH-800x250x14x22x18,800,250,14,22,18,218.6,172,221000,5750,31.8,5.13,5520,460,6.31,9.18,6380,728,14,22
FALSE,800×250,SH-800x250x14x25x18,800,250,14,25,18,232.8,183,241000,6530,32.2,5.3,6020,523,6.42,8.22,6920,821,14,25
FALSE,800×250,SH-800x250x14x28x18,800,250,14,28,18,246.9,194,260000,7310,32.5,5.44,6510,585,6.51,7.44,7440,915,14,28
FALSE,800×250,SH-800x250x16x22x18,800,250,16,22,18,233.7,183,228000,5760,31.2,4.96,5700,461,6.22,9.05,6670,739,16,22
FALSE,800×250,SH-800x250x16x25x18,800,250,16,25,18,247.8,195,248000,6540,31.6,5.14,6200,523,6.34,8.11,7200,833,16,25
FALSE,800×250,SH-800x250x16x28x18,800,250,16,28,18,261.8,206,267000,7320,32,5.29,6680,586,6.43,7.35,7720,926,16,28
FALSE,800×250,SH-800x250x16x32x18,800,250,16,32,18,280.5,220,293000,8360,32.3,5.46,7320,669,6.54,6.54,8410,1050,16,32
FALSE,800×300,SH-800x300x14x22x18,800,300,14,22,18,240.6,189,254000,9920,32.5,6.42,6350,661,7.73,9.37,7240,1030,14,22
FALSE,800×300,SH-800x300x14x25x18,800,300,14,25,18,257.8,202,278000,11300,32.9,6.61,6960,751,7.84,8.36,7880,1160,14,25
FALSE,800×300,SH-800x300x14x28x18,800,300,14,28,18,274.9,216,302000,12600,33.2,6.78,7560,841,7.93,7.56,8520,1300,14,28
FALSE,800×300,SH-800x300x14x32x18,800,300,14,32,18,297.8,234,333000,14400,33.5,6.96,8340,961,8.04,6.7,9370,1480,14,32
FALSE,800×300,SH-800x300x16x22x18,800,300,16,22,18,255.7,201,261000,9930,32,6.23,6530,662,7.63,9.24,7520,1040,16,22
FALSE,800×300,SH-800x300x16x25x18,800,300,16,25,18,272.8,214,285000,11300,32.3,6.43,7130,752,7.75,8.27,8170,1180,16,25
FALSE,800×300,SH-800x300x16x28x18,800,300,16,28,18,289.8,227,309000,12600,32.7,6.6,7730,842,7.85,7.48,8800,1310,16,28
FALSE,800×300,SH-800x300x16x32x18,800,300,16,32,18,312.5,245,340000,14400,33,6.79,8500,962,7.96,6.64,9640,1490,16,32
FALSE,800×300,SH-800x300x16x36x18,800,300,16,36,18,335.3,263,370000,16200,33.2,6.96,9260,1080,8.05,5.97,10500,1670,16,36
FALSE,800×350,SH-800x350x14x25x18,800,350,14,25,18,282.8,222,316000,17900,33.4,7.95,7900,1020,9.27,8.47,8850,1570,14,25
FALSE,800×350,SH-800x350x14x28x18,800,350,14,28,18,302.9,238,344000,20000,33.7,8.13,8600,1140,9.36,7.64,9610,1750,14,28
FALSE,800×350,SH-800x350x16x25x18,800,350,16,25,18,297.8,234,323000,17900,32.9,7.75,8070,1020,9.17,8.39,9130,1580,16,25
FALSE,800×350,SH-800x350x16x28x18,800,350,16,28,18,317.8,249,351000,20000,33.2,7.94,8770,1150,9.28,7.58,9880,1770,16,28
FALSE,800×350,SH-800x350x16x32x18,800,350,16,32,18,344.5,270,387000,22900,33.5,8.15,9680,1310,9.39,6.71,10900,2010,16,32
FALSE,800×350,SH-800x350x16x36x18,800,350,16,36,18,371.3,291,423000,25800,33.8,8.33,10600,1470,9.49,6.02,11800,2250,16,36
FALSE,800×350,SH-800x350x19x25x18,800,350,19,25,18,320.3,251,333000,17900,32.3,7.48,8340,1020,9.04,8.26,9560,1600,19,25
FALSE,800×350,SH-800x350x19x28x18,800,350,19,28,18,340.1,267,361000,20100,32.6,7.68,9030,1150,9.16,7.48,10300,1790,19,28
FALSE,800×350,SH-800x350x19x32x18,800,350,19,32,18,366.6,288,397000,22900,32.9,7.91,9930,1310,9.29,6.63,11300,2030,19,32
FALSE,800×350,SH-800x350x19x36x18,800,350,19,36,18,393.1,309,433000,25800,33.2,8.1,10800,1470,9.39,5.96,12200,2270,19,36
FALSE,800×350,SH-800x350x19x40x18,800,350,19,40,18,419.6,329,467000,28600,33.4,8.26,11700,1640,9.48,5.42,13200,2520,19,40
TRUE,800×400,SH-800x400x14x25x18,800,400,14,25,18,307.8,242,353000,26700,33.9,9.31,8840,1330,10.7,8.56,9820,2040,14,25
TRUE,800×400,SH-800x400x14x28x18,800,400,14,28,18,330.9,260,386000,29900,34.1,9.5,9640,1490,10.8,7.71,10700,2280,14,28
TRUE,800×400,SH-800x400x16x25x18,800,400,16,25,18,322.8,253,360000,26700,33.4,9.09,9010,1330,10.6,8.48,10100,2050,16,25
TRUE,800×400,SH-800x400x16x28x18,800,400,16,28,18,345.8,271,393000,29900,33.7,9.3,9810,1490,10.7,7.65,11000,2290,16,28
TRUE,800×400,SH-800x400x16x32x18,800,400,16,32,18,376.5,296,435000,34200,34,9.53,10900,1710,10.8,6.77,12100,2610,16,32
TRUE,800×400,SH-800x400x16x36x18,800,400,16,36,18,407.3,320,476000,38400,34.2,9.71,11900,1920,10.9,6.07,13200,2930,16,36
TRUE,800×400,SH-800x400x19x28x18,800,400,19,28,18,368.1,289,403000,29900,33.1,9.01,10100,1500,10.6,7.56,11400,2310,19,28
TRUE,800×400,SH-800x400x19x32x18,800,400,19,32,18,398.6,313,445000,34200,33.4,9.26,11100,1710,10.7,6.7,12500,2630,19,32
TRUE,800×400,SH-800x400x19x36x18,800,400,19,36,18,429.1,337,485000,38400,33.6,9.47,12100,1920,10.8,6.01,13600,2950,19,36
TRUE,800×400,SH-800x400x19x40x18,800,400,19,40,18,459.6,361,525000,42700,33.8,9.64,13100,2140,10.9,5.46,14700,3270,19,40
FALSE,850×250,SH-850x250x14x22x18,850,250,14,22,18,225.6,177,254000,5750,33.6,5.05,5980,460,6.26,9.68,6940,730,14,22
FALSE,850×250,SH-850x250x14x25x18,850,250,14,25,18,239.8,188,277000,6530,34,5.22,6510,523,6.37,8.67,7510,824,14,25
TRUE,850×250,SH-850x250x14x28x18,850,250,14,28,18,253.9,199,299000,7310,34.3,5.37,7040,585,6.47,7.85,8070,917,14,28
FALSE,850×250,SH-850x250x16x22x18,850,250,16,22,18,241.7,190,263000,5760,33,4.88,6180,461,6.16,9.53,7260,742,16,22
FALSE,850×250,SH-850x250x16x25x18,850,250,16,25,18,255.8,201,285000,6540,33.4,5.06,6720,523,6.29,8.55,7830,836,16,25
FALSE,850×250,SH-850x250x16x28x18,850,250,16,28,18,269.8,212,308000,7320,33.8,5.21,7240,586,6.38,7.75,8390,929,16,28
TRUE,850×250,SH-850x250x16x32x18,850,250,16,32,18,288.5,226,337000,8360,34.2,5.38,7920,669,6.49,6.9,9120,1050,16,32
TRUE,850×300,SH-850x300x14x22x18,850,300,14,22,18,247.6,194,292000,9920,34.3,6.33,6870,661,7.67,9.88,7850,1030,14,22
TRUE,850×300,SH-850x300x14x25x18,850,300,14,25,18,264.8,208,319000,11300,34.7,6.52,7520,751,7.79,8.83,8540,1170,14,25
TRUE,850×300,SH-850x300x14x28x18,850,300,14,28,18,281.9,221,347000,12600,35.1,6.69,8160,841,7.89,7.98,9220,1300,14,28
FALSE,850×300,SH-850x300x16x22x18,850,300,16,22,18,263.7,207,301000,9930,33.8,6.14,7070,662,7.57,9.75,8170,1040,16,22
FALSE,850×300,SH-850x300x16x25x18,850,300,16,25,18,280.8,220,328000,11300,34.2,6.34,7720,752,7.7,8.72,8860,1180,16,25
FALSE,850×300,SH-850x300x16x28x18,850,300,16,28,18,297.8,234,355000,12600,34.5,6.51,8350,842,7.8,7.9,9540,1310,16,28
FALSE,850×300,SH-850x300x16x32x18,850,300,16,32,18,320.5,252,390000,14400,34.9,6.71,9180,962,7.92,7.01,10400,1490,16,32
TRUE,850×350,SH-850x350x16x25x18,850,350,16,25,18,305.8,240,370000,17900,34.8,7.65,8720,1020,9.12,8.86,9890,1590,16,25
TRUE,850×350,SH-850x350x16x28x18,850,350,16,28,18,325.8,256,402000,20000,35.1,7.84,9460,1150,9.23,8,10700,1770,16,28
TRUE,850×350,SH-850x350x16x32x18,850,350,16,32,18,352.5,277,444000,22900,35.5,8.06,10400,1310,9.35,7.09,11700,2010,16,32
TRUE,850×350,SH-850x350x19x28x18,850,350,19,28,18,349.6,274,415000,20100,34.4,7.57,9760,1150,9.1,7.89,11200,1790,19,28
TRUE,850×350,SH-850x350x19x32x18,850,350,19,32,18,376.1,295,456000,22900,34.8,7.81,10700,1310,9.23,7.01,12200,2030,19,32
TRUE,850×350,SH-850x350x19x36x18,850,350,19,36,18,402.6,316,496000,25800,35.1,8,11700,1470,9.34,6.3,13200,2280,19,36
TRUE,850×350,SH-850x350x19x40x18,850,350,19,40,18,429.1,337,536000,28600,35.3,8.17,12600,1640,9.43,5.73,14300,2520,19,40
TRUE,850×400,SH-850x400x16x25x18,850,400,16,25,18,330.8,260,413000,26700,35.3,8.98,9720,1330,10.5,8.96,10900,2050,16,25
TRUE,850×400,SH-850x400x16x28x18,850,400,16,28,18,353.8,278,450000,29900,35.6,9.19,10600,1490,10.7,8.09,11800,2290,16,28
TRUE,850×400,SH-850x400x16x32x18,850,400,16,32,18,384.5,302,497000,34200,36,9.43,11700,1710,10.8,7.16,13000,2610,16,32
TRUE,850×400,SH-850x400x19x28x18,850,400,19,28,18,377.6,296,462000,29900,35,8.9,10900,1500,10.5,7.98,12300,2320,19,28
TRUE,850×400,SH-850x400x19x32x18,850,400,19,32,18,408.1,320,510000,34200,35.3,9.15,12000,1710,10.7,7.08,13500,2630,19,32
TRUE,850×400,SH-850x400x19x36x18,850,400,19,36,18,438.6,344,556000,38400,35.6,9.36,13100,1920,10.8,6.36,14700,2950,19,36
TRUE,850×400,SH-850x400x19x40x18,850,400,19,40,18,469.1,368,602000,42700,35.8,9.54,14200,2140,10.9,5.77,15900,3270,19,40
FALSE,900×250,SH-900x250x14x19x18,900,250,14,19,18,218.5,172,264000,4970,34.8,4.77,5870,398,6.07,11.5,6900,639,14,19
FALSE,900×250,SH-900x250x14x22x18,900,250,14,22,18,232.6,183,290000,5750,35.3,4.97,6450,460,6.21,10.2,7510,733,14,22
FALSE,900×250,SH-900x250x14x25x18,900,250,14,25,18,246.8,194,316000,6530,35.8,5.15,7020,523,6.33,9.11,8110,826,14,25
FALSE,900×250,SH-900x250x16x19x18,900,250,16,19,18,235.7,185,275000,4980,34.1,4.6,6110,399,5.96,11.3,7280,652,16,19
FALSE,900×250,SH-900x250x16x22x18,900,250,16,22,18,249.7,196,301000,5760,34.7,4.8,6680,461,6.11,10,7880,746,16,22
FALSE,900×250,SH-900x250x16x25x18,900,250,16,25,18,263.8,207,326000,6540,35.2,4.98,7250,524,6.24,8.98,8480,839,16,25
FALSE,900×250,SH-900x250x16x28x18,900,250,16,28,18,277.8,218,351000,7320,35.6,5.13,7810,586,6.34,8.15,9070,932,16,28
FALSE,900×300,SH-900x300x14x22x18,900,300,14,22,18,254.6,200,333000,9920,36.1,6.24,7390,662,7.62,10.4,8480,1040,14,22
FALSE,900×300,SH-900x300x14x25x18,900,300,14,25,18,271.8,213,364000,11300,36.6,6.44,8080,752,7.74,9.29,9210,1170,14,25
FALSE,900×300,SH-900x300x16x19x18,900,300,16,19,18,254.7,200,312000,8580,35,5.81,6930,572,7.35,11.6,8110,914,16,19
FALSE,900×300,SH-900x300x16x22x18,900,300,16,22,18,271.7,213,343000,9930,35.5,6.05,7620,662,7.51,10.2,8840,1050,16,22
FALSE,900×300,SH-900x300x16x25x18,900,300,16,25,18,288.8,227,374000,11300,36,6.25,8310,752,7.64,9.17,9570,1180,16,25
FALSE,900×300,SH-900x300x16x28x18,900,300,16,28,18,305.8,240,404000,12600,36.4,6.43,8990,842,7.75,8.31,10300,1320,16,28
FALSE,900×300,SH-900x300x16x32x18,900,300,16,32,18,328.5,258,444000,14400,36.8,6.63,9880,962,7.87,7.38,11200,1500,16,32
FALSE,900×300,SH-900x300x19x22x18,900,300,19,22,18,297.4,233,359000,9950,34.7,5.79,7970,664,7.35,10,9390,1070,19,22
FALSE,900×300,SH-900x300x19x25x18,900,300,19,25,18,314.3,247,389000,11300,35.2,6,8650,754,7.5,9,10100,1210,19,25
FALSE,900×300,SH-900x300x19x28x18,900,300,19,28,18,331.1,260,420000,12700,35.6,6.18,9320,844,7.62,8.17,10800,1340,19,28
FALSE,900×300,SH-900x300x19x32x18,900,300,19,32,18,353.6,278,459000,14500,36,6.39,10200,964,7.76,7.27,11800,1520,19,32
FALSE,900×300,SH-900x300x19x36x18,900,300,19,36,18,376.1,295,498000,16300,36.4,6.57,11100,1080,7.87,6.56,12700,1700,19,36
TRUE,900×350,SH-900x350x16x25x18,900,350,16,25,18,313.8,246,422000,17900,36.7,7.55,9370,1020,9.06,9.32,10700,1590,16,25
TRUE,900×350,SH-900x350x16x28x18,900,350,16,28,18,333.8,262,458000,20000,37,7.75,10200,1150,9.18,8.43,11500,1770,16,28
TRUE,900×350,SH-900x350x16x32x18,900,350,16,32,18,360.5,283,505000,22900,37.4,7.97,11200,1310,9.3,7.47,12600,2020,16,32
TRUE,900×350,SH-900x350x19x25x18,900,350,19,25,18,339.3,266,437000,17900,35.9,7.27,9720,1020,8.91,9.16,11200,1610,19,25
TRUE,900×350,SH-900x350x19x28x18,900,350,19,28,18,359.1,282,473000,20100,36.3,7.47,10500,1150,9.04,8.3,12000,1790,19,28
TRUE,900×350,SH-900x350x19x32x18,900,350,19,32,18,385.6,303,519000,22900,36.7,7.71,11500,1310,9.18,7.38,13200,2040,19,32
TRUE,900×350,SH-900x350x19x36x18,900,350,19,36,18,412.1,323,565000,25800,37,7.91,12600,1470,9.29,6.64,14300,2280,19,36
TRUE,900×350,SH-900x350x19x40x18,900,350,19,40,18,438.6,344,610000,28600,37.3,8.08,13600,1640,9.39,6.03,15300,2530,19,40
TRUE,900×400,SH-900x400x16x25x18,900,400,16,25,18,338.8,266,470000,26700,37.2,8.88,10400,1340,10.5,9.43,11800,2060,16,25
TRUE,900×400,SH-900x400x16x28x18,900,400,16,28,18,361.8,284,511000,29900,37.6,9.09,11400,1490,10.6,8.52,12700,2300,16,28
TRUE,900×400,SH-900x400x16x32x18,900,400,16,32,18,392.5,308,565000,34200,37.9,9.33,12600,1710,10.7,7.54,14000,2620,16,32
TRUE,900×400,SH-900x400x19x28x18,900,400,19,28,18,387.1,304,526000,29900,36.9,8.79,11700,1500,10.5,8.41,13300,2320,19,28
TRUE,900×400,SH-900x400x19x32x18,900,400,19,32,18,417.6,328,580000,34200,37.3,9.05,12900,1710,10.6,7.46,14500,2640,19,32
TRUE,900×400,SH-900x400x19x36x18,900,400,19,36,18,448.1,352,632000,38500,37.6,9.26,14100,1920,10.7,6.7,15800,2960,19,36
TRUE,900×400,SH-900x400x19x40x18,900,400,19,40,18,478.6,376,684000,42700,37.8,9.45,15200,2140,10.8,6.09,17100,3280,19,40
TRUE,950×250,SH-950x250x16x22x18,950,250,16,22,18,257.7,202,342000,5760,36.4,4.73,7190,461,6.06,10.5,8510,749,16,22
TRUE,950×250,SH-950x250x16x25x18,950,250,16,25,18,271.8,213,370000,6550,36.9,4.91,7790,524,6.19,9.4,9150,842,16,25
TRUE,950×250,SH-950x250x16x28x18,950,250,16,28,18,285.8,224,398000,7330,37.3,5.06,8390,586,6.29,8.54,9770,936,16,28
TRUE,950×250,SH-950x250x16x32x18,950,250,16,32,18,304.5,239,435000,8370,37.8,5.24,9160,669,6.41,7.61,10600,1060,16,32
TRUE,950×250,SH-950x250x19x25x18,950,250,19,25,18,298.8,235,388000,6570,36.1,4.69,8180,525,6.05,9.2,9750,866,19,25
TRUE,950×250,SH-950x250x19x28x18,950,250,19,28,18,312.6,245,416000,7350,36.5,4.85,8760,588,6.17,8.37,10400,959,19,28
TRUE,950×250,SH-950x250x19x32x18,950,250,19,32,18,331.1,260,453000,8390,37,5.03,9530,671,6.3,7.48,11200,1080,19,32
TRUE,950×250,SH-950x250x19x36x18,950,250,19,36,18,349.6,274,489000,9430,37.4,5.19,10300,754,6.4,6.76,12000,1210,19,36
TRUE,950×250,SH-950x250x19x40x18,950,250,19,40,18,368.1,289,524000,10500,37.7,5.33,11000,838,6.49,6.17,12800,1330,19,40
TRUE,950×300,SH-950x300x16x22x18,950,300,16,22,18,279.7,220,389000,9940,37.3,5.96,8190,662,7.45,10.7,9530,1050,16,22
TRUE,950×300,SH-950x300x16x25x18,950,300,16,25,18,296.8,233,424000,11300,37.8,6.17,8920,752,7.59,9.62,10300,1190,16,25
TRUE,950×300,SH-950x300x16x28x18,950,300,16,28,18,313.8,246,458000,12600,38.2,6.35,9640,842,7.7,8.71,11100,1320,16,28
TRUE,950×300,SH-950x300x16x32x18,950,300,16,32,18,336.5,264,503000,14400,38.7,6.55,10600,962,7.83,7.75,12100,1500,16,32
TRUE,950×300,SH-950x300x19x25x18,950,300,19,25,18,323.8,254,442000,11300,36.9,5.91,9300,754,7.44,9.43,10900,1210,19,25
TRUE,950×300,SH-950x300x19x28x18,950,300,19,28,18,340.6,267,476000,12700,37.4,6.1,10000,844,7.57,8.56,11700,1340,19,28
TRUE,950×300,SH-950x300x19x32x18,950,300,19,32,18,363.1,285,520000,14500,37.8,6.31,11000,964,7.71,7.63,12700,1520,19,32
TRUE,950×300,SH-950x300x19x36x18,950,300,19,36,18,385.6,303,564000,16300,38.2,6.49,11900,1080,7.82,6.88,13700,1700,19,36
TRUE,950×300,SH-950x300x19x40x18,950,300,19,40,18,408.1,320,607000,18100,38.6,6.65,12800,1200,7.91,6.26,14600,1880,19,40
TRUE,950×350,SH-950x350x16x22x18,950,350,16,22,18,301.7,237,436000,15800,38,7.23,9190,900,8.86,10.9,10600,1410,16,22
TRUE,950×350,SH-950x350x16x25x18,950,350,16,25,18,321.8,253,477000,17900,38.5,7.46,10000,1020,9.01,9.78,11500,1590,16,25
TRUE,950×350,SH-950x350x16x28x18,950,350,16,28,18,341.8,268,517000,20000,38.9,7.66,10900,1150,9.12,8.85,12400,1780,16,28
TRUE,950×350,SH-950x350x16x32x18,950,350,16,32,18,368.5,289,570000,22900,39.3,7.88,12000,1310,9.25,7.85,13500,2020,16,32
TRUE,950×350,SH-950x350x19x25x18,950,350,19,25,18,348.8,274,495000,17900,37.7,7.17,10400,1020,8.85,9.61,12100,1620,19,25
TRUE,950×350,SH-950x350x19x28x18,950,350,19,28,18,368.6,289,535000,20100,38.1,7.38,11300,1150,8.98,8.71,13000,1800,19,28
TRUE,950×350,SH-950x350x19x32x18,950,350,19,32,18,395.1,310,588000,22900,38.6,7.62,12400,1310,9.13,7.74,14100,2040,19,32
TRUE,950×350,SH-950x350x19x36x18,950,350,19,36,18,421.6,331,639000,25800,38.9,7.82,13500,1470,9.24,6.97,15300,2290,19,36
TRUE,950×350,SH-950x350x19x40x18,950,350,19,40,18,448.1,352,689000,28600,39.2,7.99,14500,1640,9.34,6.34,16500,2530,19,40
TRUE,950×400,SH-950x400x16x22x18,950,400,16,22,18,323.7,254,484000,23500,38.7,8.52,10200,1180,10.3,11.1,11600,1820,16,22
TRUE,950×400,SH-950x400x16x25x18,950,400,16,25,18,346.8,272,531000,26700,39.1,8.77,11200,1340,10.4,9.9,12600,2060,16,25
TRUE,950×400,SH-950x400x16x28x18,950,400,16,28,18,369.8,290,577000,29900,39.5,8.99,12100,1500,10.5,8.95,13600,2300,16,28
TRUE,950×400,SH-950x400x16x32x18,950,400,16,32,18,400.5,314,638000,34200,39.9,9.24,13400,1710,10.7,7.93,15000,2620,16,32
TRUE,950×400,SH-950x400x19x25x18,950,400,19,25,18,373.8,293,549000,26700,38.3,8.46,11600,1340,10.3,9.75,13200,2080,19,25
TRUE,950×400,SH-950x400x19x28x18,950,400,19,28,18,396.6,311,595000,29900,38.7,8.69,12500,1500,10.4,8.82,14200,2320,19,28
TRUE,950×400,SH-950x400x19x32x18,950,400,19,32,18,427.1,335,655000,34200,39.2,8.95,13800,1710,10.6,7.83,15600,2640,19,32
TRUE,950×400,SH-950x400x19x36x18,950,400,19,36,18,457.6,359,714000,38500,39.5,9.17,15000,1920,10.7,7.04,16900,2960,19,36
TRUE,950×400,SH-950x400x19x40x18,950,400,19,40,18,488.1,383,772000,42700,39.8,9.36,16300,2140,10.8,6.4,18300,3280,19,40
TRUE,1000×250,SH-1000x250x16x22x18,1000,250,16,22,18,265.7,209,386000,5770,38.1,4.66,7720,461,6.01,10.9,9170,752,16,22
TRUE,1000×250,SH-1000x250x16x25x18,1000,250,16,25,18,279.8,220,418000,6550,38.6,4.84,8350,524,6.14,9.82,9830,845,16,25
TRUE,1000×250,SH-1000x250x16x28x18,1000,250,16,28,18,293.8,231,449000,7330,39.1,4.99,8980,586,6.25,8.93,10500,939,16,28
TRUE,1000×250,SH-1000x250x16x32x18,1000,250,16,32,18,312.5,245,490000,8370,39.6,5.17,9810,670,6.37,7.96,11400,1060,16,32
TRUE,1000×250,SH-1000x250x19x25x18,1000,250,19,25,18,308.3,242,439000,6570,37.7,4.62,8780,526,6,9.6,10500,871,19,25
TRUE,1000×250,SH-1000x250x19x28x18,1000,250,19,28,18,322.1,253,470000,7350,38.2,4.78,9400,588,6.12,8.74,11200,964,19,28
TRUE,1000×250,SH-1000x250x19x32x18,1000,250,19,32,18,340.6,267,511000,8390,38.7,4.96,10200,671,6.25,7.81,12000,1090,19,32
TRUE,1000×250,SH-1000x250x19x36x18,1000,250,19,36,18,359.1,282,551000,9430,39.2,5.13,11000,755,6.36,7.06,12900,1210,19,36
TRUE,1000×250,SH-1000x250x19x40x18,1000,250,19,40,18,377.6,296,590000,10500,39.5,5.27,11800,838,6.45,6.45,13700,1340,19,40
TRUE,1000×300,SH-1000x300x16x22x18,1000,300,16,22,18,287.7,226,438000,9940,39,5.88,8770,662,7.4,11.2,10200,1050,16,22
TRUE,1000×300,SH-1000x300x16x25x18,1000,300,16,25,18,304.8,239,477000,11300,39.6,6.09,9540,752,7.54,10.1,11100,1190,16,25
TRUE,1000×300,SH-1000x300x16x28x18,1000,300,16,28,18,321.8,253,515000,12600,40,6.27,10300,842,7.66,9.12,11900,1320,16,28
TRUE,1000×300,SH-1000x300x16x32x18,1000,300,16,32,18,344.5,270,565000,14400,40.5,6.47,11300,962,7.78,8.11,12900,1500,16,32
TRUE,1000×300,SH-1000x300x19x25x18,1000,300,19,25,18,333.3,262,498000,11300,38.7,5.83,9970,754,7.39,9.85,11700,1210,19,25
TRUE,1000×300,SH-1000x300x19x28x18,1000,300,19,28,18,350.1,275,536000,12700,39.1,6.01,10700,844,7.52,8.95,12500,1350,19,28
TRUE,1000×300,SH-1000x300x19x32x18,1000,300,19,32,18,372.6,292,586000,14500,39.6,6.23,11700,964,7.66,7.98,13600,1530,19,32
TRUE,1000×300,SH-1000x300x19x36x18,1000,300,19,36,18,395.1,310,634000,16300,40.1,6.41,12700,1080,7.77,7.2,14600,1710,19,36
TRUE,1000×300,SH-1000x300x19x40x18,1000,300,19,40,18,417.6,328,682000,18100,40.4,6.58,13600,1200,7.87,6.56,15700,1890,19,40
TRUE,1000×350,SH-1000x350x16x22x18,1000,350,16,22,18,309.7,243,491000,15800,39.8,7.13,9820,900,8.8,11.4,11300,1410,16,22
TRUE,1000×350,SH-1000x350x16x25x18,1000,350,16,25,18,329.8,259,536000,17900,40.3,7.37,10700,1020,8.95,10.2,12300,1600,16,25
TRUE,1000×350,SH-1000x350x16x28x18,1000,350,16,28,18,349.8,275,581000,20000,40.8,7.57,11600,1150,9.07,9.26,13200,1780,16,28
TRUE,1000×350,SH-1000x350x16x32x18,1000,350,16,32,18,376.5,296,640000,22900,41.2,7.8,12800,1310,9.21,8.22,14500,2020,16,32
TRUE,1000×350,SH-1000x350x19x25x18,1000,350,19,25,18,358.3,281,558000,17900,39.5,7.07,11200,1020,8.79,10,12900,1620,19,25
TRUE,1000×350,SH-1000x350x19x28x18,1000,350,19,28,18,378.1,297,602000,20100,39.9,7.28,12000,1150,8.92,9.11,13900,1800,19,28
TRUE,1000×350,SH-1000x350x19x32x18,1000,350,19,32,18,404.6,318,661000,22900,40.4,7.53,13200,1310,9.07,8.1,15100,2050,19,32
TRUE,1000×350,SH-1000x350x19x36x18,1000,350,19,36,18,431.1,338,718000,25800,40.8,7.73,14400,1470,9.2,7.3,16400,2290,19,36
TRUE,1000×350,SH-1000x350x19x40x18,1000,350,19,40,18,457.6,359,775000,28600,41.1,7.91,15500,1640,9.3,6.64,17600,2540,19,40
TRUE,1000×400,SH-1000x400x16x22x18,1000,400,16,22,18,331.7,260,544000,23500,40.5,8.42,10900,1180,10.2,11.6,12400,1820,16,22
TRUE,1000×400,SH-1000x400x16x25x18,1000,400,16,25,18,354.8,279,596000,26700,41,8.68,11900,1340,10.4,10.4,13500,2060,16,25
TRUE,1000×400,SH-1000x400x16x28x18,1000,400,16,28,18,377.8,297,647000,29900,41.4,8.9,12900,1500,10.5,9.37,14600,2300,16,28
TRUE,1000×400,SH-1000x400x16x32x18,1000,400,16,32,18,408.5,321,715000,34200,41.8,9.15,14300,1710,10.6,8.31,16000,2620,16,32
TRUE,1000×400,SH-1000x400x19x25x18,1000,400,19,25,18,383.3,301,617000,26700,40.1,8.35,12300,1340,10.2,10.2,14200,2090,19,25
TRUE,1000×400,SH-1000x400x19x28x18,1000,400,19,28,18,406.1,319,669000,29900,40.6,8.58,13400,1500,10.3,9.23,15200,2330,19,28
TRUE,1000×400,SH-1000x400x19x32x18,1000,400,19,32,18,436.6,343,736000,34200,41,8.85,14700,1710,10.5,8.2,16700,2650,19,32
TRUE,1000×400,SH-1000x400x19x36x18,1000,400,19,36,18,467.1,367,802000,38500,41.4,9.07,16000,1920,10.6,7.38,18100,2970,19,36
TRUE,1000×400,SH-1000x400x19x40x18,1000,400,19,40,18,497.6,391,867000,42700,41.7,9.27,17300,2140,10.7,6.7,19500,3290,19,40
