key,断面,鋼種,lb,幅厚比柱,幅厚比梁,Zxe,Zye,Ae
H-100x100x6x8x8-SN400,H-100x100x6x8x8,SN400,4.54,FA,FA,75.6,26.7,21.59
H-100x100x6x8x8-SN490,H-100x100x6x8x8,SN490,3.29,FA,FA,75.6,26.7,21.59
H-125x125x6.5x9x8-SN400,H-125x125x6.5x9x8,SN400,5.11,FA,FA,134,46.9,30
H-125x125x6.5x9x8-SN490,H-125x125x6.5x9x8,SN490,3.7,FA,FA,134,46.9,30
H-150x150x7x10x8-SN400,H-150x150x7x10x8,SN400,5.68,FA,FA,216,75.1,39.65
H-150x150x7x10x8-SN490,H-150x150x7x10x8,SN490,4.11,FA,FA,216,75.1,39.65
H-175x175x7.5x11x13-SN400,H-175x175x7.5x11x13,SN400,6.25,FA,FA,331,112,51.43
H-175x175x7.5x11x13-SN490,H-175x175x7.5x11x13,SN490,4.52,FA,FB,331,112,51.43
H-200x200x8x12x13-SN400,H-200x200x8x12x13,SN400,6.82,FA,FA,472,160,63.53
H-200x200x8x12x13-SN490,H-200x200x8x12x13,SN490,4.93,FB,FB,472,160,63.53
H-200x204x12x12x13-SN400,H-200x204x12x12x13,SN400,6.95,FA,FA,498,167,71.53
H-200x204x12x12x13-SN490,H-200x204x12x12x13,SN490,5.03,FB,FB,498,167,71.53
H-208x202x10x16x13-SN400,H-208x202x10x16x13,SN400,8.83,FA,FA,628,218,83.69
H-208x202x10x16x13-SN490,H-208x202x10x16x13,SN490,6.38,FA,FA,628,218,83.69
H-244x252x11x11x13-SN400,H-244x252x11x11x13,SN400,6.45,FB,FC,713,233,81.31
H-244x252x11x11x13-SN490,H-244x252x11x11x13,SN490,4.67,FC,FC,713,233,81.31
H-248x249x8x13x13-SN400,H-248x249x8x13x13,SN400,7.41,FB,FB,794,269,83.95
H-248x249x8x13x13-SN490,H-248x249x8x13x13,SN490,5.36,FB,FC,794,269,83.95
H-250x250x9x14x13-SN400,H-250x250x9x14x13,SN400,7.95,FA,FA,860,292,91.43
H-250x250x9x14x13-SN490,H-250x250x9x14x13,SN490,5.75,FB,FB,860,292,91.43
H-250x255x14x14x13-SN400,H-250x255x14x14x13,SN400,8.11,FA,FB,912,304,103.9
H-250x255x14x14x13-SN490,H-250x255x14x14x13,SN490,5.87,FB,FB,912,304,103.9
H-294x302x12x12x13-SN400,H-294x302x12x12x13,SN400,7,FC,FC,1130,365,106.3
H-294x302x12x12x13-SN490,H-294x302x12x12x13,SN490,5.06,FC,FC,1130,365,106.3
H-298x299x9x14x13-SN400,H-298x299x9x14x13,SN400,7.98,FB,FB,1250,417,109.5
H-298x299x9x14x13-SN490,H-298x299x9x14x13,SN490,5.77,FC,FC,1250,417,109.5
H-300x300x10x15x13-SN400,H-300x300x10x15x13,SN400,8.52,FB,FB,1350,450,118.5
H-300x300x10x15x13-SN490,H-300x300x10x15x13,SN490,6.16,FB,FC,1350,450,118.5
H-300x305x15x15x13-SN400,H-300x305x15x15x13,SN400,8.66,FB,FB,1420,466,133.5
H-300x305x15x15x13-SN490,H-300x305x15x15x13,SN490,6.26,FB,FC,1420,466,133.5
H-304x301x11x17x13-SN400,H-304x301x11x17x13,SN400,9.56,FA,FA,1520,514,133.5
H-304x301x11x17x13-SN490,H-304x301x11x17x13,SN490,6.91,FB,FB,1520,514,133.5
H-338x351x13x13x13-SN400,H-338x351x13x13x13,SN400,7.67,FC,FC,1640,534,133.3
H-338x351x13x13x13-SN490,H-338x351x13x13x13,SN490,5.55,FD,FD,1600,491,130.7
H-344x348x10x16x13-SN400,H-344x348x10x16x13,SN400,9.2,FB,FB,1910,646,144
H-344x348x10x16x13-SN490,H-344x348x10x16x13,SN490,6.65,FC,FC,1910,646,144
H-344x354x16x16x13-SN400,H-344x354x16x16x13,SN400,9.35,FB,FC,2030,669,164.7
H-344x354x16x16x13-SN490,H-344x354x16x16x13,SN490,6.76,FC,FC,2030,669,164.7
H-350x350x12x19x13-SN400,H-350x350x12x19x13,SN400,10.8,FA,FB,2280,776,171.9
H-350x350x12x19x13-SN490,H-350x350x12x19x13,SN490,7.8,FB,FB,2280,776,171.9
H-350x357x19x19x13-SN400,H-350x357x19x19x13,SN400,11,FA,FB,2420,808,196.4
H-350x357x19x19x13-SN490,H-350x357x19x19x13,SN490,7.96,FB,FC,2420,808,196.4
H-356x352x14x22x13-SN400,H-356x352x14x22x13,SN400,12.4,FA,FA,2650,909,200
H-356x352x14x22x13-SN490,H-356x352x14x22x13,SN490,8.94,FA,FB,2650,909,200
H-388x402x15x15x22-SN400,H-388x402x15x15x22,SN400,8.83,FC,FC,2520,809,178.5
H-388x402x15x15x22-SN490,H-388x402x15x15x22,SN490,6.38,FD,FD,2500,778,176.9
H-394x398x11x18x22-SN400,H-394x398x11x18x22,SN400,10.3,FB,FC,2850,951,186.8
H-394x398x11x18x22-SN490,H-394x398x11x18x22,SN490,7.47,FC,FC,2850,951,186.8
H-394x405x18x18x22-SN400,H-394x405x18x18x22,SN400,10.5,FB,FC,3030,985,214.4
H-394x405x18x18x22-SN490,H-394x405x18x18x22,SN490,7.6,FC,FC,3030,985,214.4
H-400x400x13x21x22-SN400,H-400x400x13x21x22,SN400,11.9,FB,FB,3330,1120,218.7
H-400x400x13x21x22-SN490,H-400x400x13x21x22,SN490,8.63,FB,FC,3330,1120,218.7
H-400x408x21x21x22-SN400,H-400x408x21x21x22,SN400,12.2,FB,FB,3540,1170,250.7
H-400x408x21x21x22-SN490,H-400x408x21x21x22,SN490,8.8,FB,FC,3540,1170,250.7
H-406x403x16x24x22-SN400,H-406x403x16x24x22,SN400,13.5,FA,FA,3840,1300,254.9
H-406x403x16x24x22-SN490,H-406x403x16x24x22,SN490,9.79,FB,FB,3840,1300,254.9
H-414x405x18x28x22-SN400,H-414x405x18x28x22,SN400,15.6,FA,FA,4480,1530,295.4
H-414x405x18x28x22-SN490,H-414x405x18x28x22,SN490,11.3,FA,FA,4480,1530,295.4
H-428x407x20x35x22-SN400,H-428x407x20x35x22,SN400,18.9,FA,FA,5570,1930,360.7
H-428x407x20x35x22-SN490,H-428x407x20x35x22,SN490,13.7,FA,FA,5570,1930,360.7
H-458x417x30x50x22-SN400,H-458x417x30x50x22,SN400,25.9,FA,FA,8170,2900,528.6
H-458x417x30x50x22-SN490,H-458x417x30x50x22,SN490,18.7,FA,FA,8170,2900,528.6
H-498x432x45x70x22-SN400,H-498x432x45x70x22,SN400,34.5,FA,FA,12000,4370,770.1
H-498x432x45x70x22-SN490,H-498x432x45x70x22,SN490,24.9,FA,FA,12000,4370,770.1
H-148x100x6x9x8-SN400,H-148x100x6x9x8,SN400,3.45,FA,FA,135,30.1,26.35
H-148x100x6x9x8-SN490,H-148x100x6x9x8,SN490,2.5,FA,FA,135,30.1,26.35
H-194x150x6x9x8-SN400,H-194x150x6x9x8,SN400,3.95,FA,FA,271,67.6,38.11
H-194x150x6x9x8-SN490,H-194x150x6x9x8,SN490,2.86,FB,FB,271,67.6,38.11
H-244x175x7x11x13-SN400,H-244x175x7x11x13,SN400,4.48,FA,FA,495,112,55.49
H-244x175x7x11x13-SN490,H-244x175x7x11x13,SN490,3.24,FA,FB,495,112,55.49
H-294x200x8x12x13-SN400,H-294x200x8x12x13,SN400,4.64,FA,FA,756,160,71.05
H-294x200x8x12x13-SN490,H-294x200x8x12x13,SN490,3.35,FB,FB,756,160,71.05
H-298x201x9x14x13-SN400,H-298x201x9x14x13,SN400,5.36,FA,FA,878,189,82.03
H-298x201x9x14x13-SN490,H-298x201x9x14x13,SN490,3.88,FA,FA,878,189,82.03
H-336x249x8x12x13-SN400,H-336x249x8x12x13,SN400,5.05,FB,FB,1070,248,86.17
H-336x249x8x12x13-SN490,H-336x249x8x12x13,SN490,3.65,FC,FC,1070,248,86.17
H-340x250x9x14x13-SN400,H-340x250x9x14x13,SN400,5.85,FA,FA,1250,292,99.53
H-340x250x9x14x13-SN490,H-340x250x9x14x13,SN490,4.23,FB,FB,1250,292,99.53
H-386x299x9x14x13-SN400,H-386x299x9x14x13,SN400,6.16,FB,FB,1700,417,117.4
H-386x299x9x14x13-SN490,H-386x299x9x14x13,SN490,4.45,FC,FC,1700,417,117.4
H-390x300x10x16x13-SN400,H-390x300x10x16x13,SN400,6.99,FA,FB,1940,480,133.3
H-390x300x10x16x13-SN490,H-390x300x10x16x13,SN490,5.06,FB,FC,1940,480,133.3
H-434x299x10x15x13-SN400,H-434x299x10x15x13,SN400,5.87,FB,FB,2090,447,131.6
H-434x299x10x15x13-SN490,H-434x299x10x15x13,SN490,4.24,FC,FC,2090,447,131.6
H-440x300x11x18x13-SN400,H-440x300x11x18x13,SN400,6.97,FA,FA,2490,540,153.9
H-440x300x11x18x13-SN490,H-440x300x11x18x13,SN490,5.04,FB,FB,2490,540,153.9
H-446x302x13x21x13-SN400,H-446x302x13x21x13,SN400,8.08,FA,FA,2920,639,180.8
H-446x302x13x21x13-SN490,H-446x302x13x21x13,SN490,5.84,FA,FA,2920,639,180.8
H-482x300x11x15x13-SN400,H-482x300x11x15x13,SN400,5.3,FB,FB,2420,450,141.2
H-482x300x11x15x13-SN490,H-482x300x11x15x13,SN490,3.83,FD,FC,2420,450,141.2
H-488x300x11x18x13-SN400,H-488x300x11x18x13,SN400,6.29,FA,FA,2820,540,159.2
H-488x300x11x18x13-SN490,H-488x300x11x18x13,SN490,4.55,FD,FB,2820,540,159.2
H-494x302x13x21x13-SN400,H-494x302x13x21x13,SN400,7.29,FA,FA,3310,639,187.1
H-494x302x13x21x13-SN490,H-494x302x13x21x13,SN490,5.27,FA,FA,3310,639,187.1
H-582x300x12x17x13-SN400,H-582x300x12x17x13,SN400,4.98,FC,FA,3400,511,169.2
H-582x300x12x17x13-SN490,H-582x300x12x17x13,SN490,3.6,FD,FB,3400,511,165.3
H-588x300x12x20x13-SN400,H-588x300x12x20x13,SN400,5.8,FC,FA,3890,601,187.2
H-588x300x12x20x13-SN490,H-588x300x12x20x13,SN490,4.19,FD,FA,3890,601,183.3
H-594x302x14x23x13-SN400,H-594x302x14x23x13,SN400,6.64,FA,FA,4500,700,217.1
H-594x302x14x23x13-SN490,H-594x302x14x23x13,SN490,4.8,FC,FA,4500,700,217.1
H-692x300x13x20x18-SN400,H-692x300x13x20x18,SN400,4.93,FD,FA,4870,601,207.5
H-692x300x13x20x18-SN490,H-692x300x13x20x18,SN490,3.56,FD,FA,4870,601,196.4
H-700x300x13x24x18-SN400,H-700x300x13x24x18,SN400,5.84,FD,FA,5640,721,231.5
H-700x300x13x24x18-SN490,H-700x300x13x24x18,SN490,4.23,FD,FA,5640,721,220.4
H-708x302x15x28x18-SN400,H-708x302x15x28x18,SN400,6.78,FB,FA,6590,853,269.7
H-708x302x15x28x18-SN490,H-708x302x15x28x18,SN490,4.91,FD,FA,6590,853,269
H-792x300x14x22x18-SN400,H-792x300x14x22x18,SN400,4.73,FD,FA,6270,661,233.8
H-792x300x14x22x18-SN490,H-792x300x14x22x18,SN490,3.42,FD,FB,6270,661,219.7
H-800x300x14x26x18-SN400,H-800x300x14x26x18,SN400,5.54,FD,FA,7160,781,257.8
H-800x300x14x26x18-SN490,H-800x300x14x26x18,SN490,4,FD,FB,7160,781,243.7
H-808x302x16x30x18-SN400,H-808x302x16x30x18,SN400,6.37,FC,FA,8270,914,303.7
H-808x302x16x30x18-SN490,H-808x302x16x30x18,SN490,4.61,FD,FA,8270,914,294.1
H-816x303x17x34x18-SN400,H-816x303x17x34x18,SN400,7.17,FB,FA,9270,1040,336
H-816x303x17x34x18-SN490,H-816x303x17x34x18,SN490,5.19,FD,FA,9270,1040,332.8
H-890x299x15x23x18-SN400,H-890x299x15x23x18,SN400,4.39,FD,FA,7610,687,253.6
H-890x299x15x23x18-SN490,H-890x299x15x23x18,SN490,3.17,FD,FC,7610,687,237.5
H-900x300x16x28x18-SN400,H-900x300x16x28x18,SN400,5.3,FD,FA,8990,842,299.3
H-900x300x16x28x18-SN490,H-900x300x16x28x18,SN490,3.83,FD,FB,8990,842,280.9
H-912x302x18x34x18-SN400,H-912x302x18x34x18,SN400,6.4,FC,FA,10800,1040,360.1
H-912x302x18x34x18-SN490,H-912x302x18x34x18,SN490,4.62,FD,FA,10800,1040,346.7
H-918x303x19x37x18-SN400,H-918x303x19x37x18,SN400,6.94,FB,FA,11700,1140,387.4
H-918x303x19x37x18-SN490,H-918x303x19x37x18,SN490,5.02,FD,FA,11700,1140,381
H-150x75x5x7x8-SN400,H-150x75x5x7x8,SN400,1.99,FA,FA,88.8,13.2,17.85
H-150x75x5x7x8-SN490,H-150x75x5x7x8,SN490,1.44,FA,FA,88.8,13.2,17.85
H-175x90x5x8x8-SN400,H-175x90x5x8x8,SN400,2.34,FA,FA,138,21.7,22.9
H-175x90x5x8x8-SN490,H-175x90x5x8x8,SN490,1.69,FA,FA,138,21.7,22.9
H-198x99x4.5x7x8-SN400,H-198x99x4.5x7x8,SN400,1.99,FA,FA,156,22.9,22.69
H-198x99x4.5x7x8-SN490,H-198x99x4.5x7x8,SN490,1.44,FD,FA,156,22.9,22.69
H-200x100x5.5x8x8-SN400,H-200x100x5.5x8x8,SN400,2.27,FA,FA,181,26.7,26.67
H-200x100x5.5x8x8-SN490,H-200x100x5.5x8x8,SN490,1.64,FA,FA,181,26.7,26.67
H-248x124x5x8x8-SN400,H-248x124x5x8x8,SN400,2.27,FC,FA,278,41.1,31.99
H-248x124x5x8x8-SN490,H-248x124x5x8x8,SN490,1.64,FD,FB,278,41.1,31.38
H-250x125x6x9x8-SN400,H-250x125x6x9x8,SN400,2.56,FA,FA,317,47,36.97
H-250x125x6x9x8-SN490,H-250x125x6x9x8,SN490,1.85,FC,FA,317,47,36.97
H-298x149x5.5x8x13-SN400,H-298x149x5.5x8x13,SN400,2.27,FD,FB,424,59.3,40.8
H-298x149x5.5x8x13-SN490,H-298x149x5.5x8x13,SN490,1.64,FD,FB,424,59.3,39.05
H-300x150x6.5x9x13-SN400,H-300x150x6.5x9x13,SN400,2.56,FB,FA,481,67.7,46.78
H-300x150x6.5x9x13-SN490,H-300x150x6.5x9x13,SN490,1.85,FD,FB,481,67.7,46.78
H-346x174x6x9x13-SN400,H-346x174x6x9x13,SN400,2.57,FD,FB,638,91,51.59
H-346x174x6x9x13-SN490,H-346x174x6x9x13,SN490,1.86,FD,FC,638,91,49.01
H-350x175x7x11x13-SN400,H-350x175x7x11x13,SN400,3.12,FC,FA,771,112,62.91
H-350x175x7x11x13-SN490,H-350x175x7x11x13,SN490,2.26,FD,FB,771,112,61.75
H-354x176x8x13x13-SN400,H-354x176x8x13x13,SN400,3.67,FA,FA,906,134,73.45
H-354x176x8x13x13-SN490,H-354x176x8x13x13,SN490,2.65,FD,FA,906,134,73.45
H-396x199x7x11x13-SN400,H-396x199x7x11x13,SN400,3.14,FD,FB,999,145,70.54
H-396x199x7x11x13-SN490,H-396x199x7x11x13,SN490,2.27,FD,FB,999,145,67.03
H-400x200x8x13x13-SN400,H-400x200x8x13x13,SN400,3.69,FC,FA,1170,174,83.37
H-400x200x8x13x13-SN490,H-400x200x8x13x13,SN490,2.67,FD,FB,1170,174,81.62
H-404x201x9x15x13-SN400,H-404x201x9x15x13,SN400,4.24,FA,FA,1350,202,95.41
H-404x201x9x15x13-SN490,H-404x201x9x15x13,SN490,3.07,FD,FA,1350,202,95.41
H-446x199x8x12x13-SN400,H-446x199x8x12x13,SN400,3.04,FD,FA,1260,159,81.98
H-446x199x8x12x13-SN490,H-446x199x8x12x13,SN490,2.2,FD,FB,1260,159,77.38
H-450x200x9x14x13-SN400,H-450x200x9x14x13,SN400,3.53,FC,FA,1460,187,95.43
H-450x200x9x14x13-SN490,H-450x200x9x14x13,SN490,2.56,FD,FA,1460,187,92.81
H-456x201x10x17x13-SN400,H-456x201x10x17x13,SN400,4.26,FA,FA,1750,229,112
H-456x201x10x17x13-SN490,H-456x201x10x17x13,SN490,3.08,FD,FA,1750,229,112
H-496x199x9x14x13-SN400,H-496x199x9x14x13,SN400,3.19,FD,FA,1650,185,98.35
H-496x199x9x14x13-SN490,H-496x199x9x14x13,SN490,2.31,FD,FB,1650,185,92.53
H-500x200x10x16x13-SN400,H-500x200x10x16x13,SN400,3.64,FC,FA,1870,214,112.3
H-500x200x10x16x13-SN490,H-500x200x10x16x13,SN490,2.63,FD,FA,1870,214,108.8
H-506x201x11x19x13-SN400,H-506x201x11x19x13,SN400,4.29,FA,FA,2190,257,129.3
H-506x201x11x19x13-SN490,H-506x201x11x19x13,SN490,3.1,FD,FA,2190,257,129.3
H-596x199x10x15x13-SN400,H-596x199x10x15x13,SN400,2.85,FD,FA,2240,199,111.7
H-596x199x10x15x13-SN490,H-596x199x10x15x13,SN490,2.06,FD,FC,2240,199,104.5
H-600x200x11x17x13-SN400,H-600x200x11x17x13,SN400,3.22,FD,FA,2520,227,130.3
H-600x200x11x17x13-SN490,H-600x200x11x17x13,SN490,2.33,FD,FB,2520,227,121.6
H-606x201x12x20x13-SN400,H-606x201x12x20x13,SN400,3.77,FC,FA,2910,270,149.8
H-606x201x12x20x13-SN490,H-606x201x12x20x13,SN490,2.72,FD,FA,2910,270,143.7
H-612x202x13x23x13-SN400,H-612x202x13x23x13,SN400,4.31,FB,FA,3310,314,168
H-612x202x13x23x13-SN490,H-612x202x13x23x13,SN490,3.12,FD,FA,3310,314,166.7
SH-400x200x9x12x13-SN400,SH-400x200x9x12x13,SN400,3.41,FA,FA,1130,160,83.29
SH-400x200x9x12x13-SN490,SH-400x200x9x12x13,SN490,2.46,FD,FB,1130,160,83.29
SH-400x200x9x16x13-SN400,SH-400x200x9x16x13,SN400,4.54,FA,FA,1390,214,98.57
SH-400x200x9x16x13-SN490,SH-400x200x9x16x13,SN490,3.29,FD,FA,1390,214,98.57
SH-400x200x9x19x13-SN400,SH-400x200x9x19x13,SN400,5.4,FA,FA,1580,254,110
SH-400x200x9x19x13-SN490,SH-400x200x9x19x13,SN490,3.9,FC,FA,1580,254,110
SH-400x200x9x22x13-SN400,SH-400x200x9x22x13,SN400,6.25,FA,FA,1760,294,121.5
SH-400x200x9x22x13-SN490,SH-400x200x9x22x13,SN490,4.52,FC,FA,1760,294,121.5
SH-400x200x12x16x13-SN400,SH-400x200x12x16x13,SN400,4.54,FA,FA,1450,214,109.6
SH-400x200x12x16x13-SN490,SH-400x200x12x16x13,SN490,3.29,FA,FA,1450,214,109.6
SH-400x200x12x19x13-SN400,SH-400x200x12x19x13,SN400,5.4,FA,FA,1640,254,120.9
SH-400x200x12x19x13-SN490,SH-400x200x12x19x13,SN490,3.9,FA,FA,1640,254,120.9
SH-400x200x12x22x13-SN400,SH-400x200x12x22x13,SN400,6.25,FA,FA,1820,294,132.2
SH-400x200x12x22x13-SN490,SH-400x200x12x22x13,SN490,4.52,FA,FA,1820,294,132.2
SH-450x200x9x12x13-SN400,SH-450x200x9x12x13,SN400,3.03,FC,FA,1310,160,87.79
SH-450x200x9x12x13-SN490,SH-450x200x9x12x13,SN490,2.19,FD,FB,1310,160,84.81
SH-450x200x9x16x13-SN400,SH-450x200x9x16x13,SN400,4.04,FC,FA,1610,214,103.1
SH-450x200x9x16x13-SN490,SH-450x200x9x16x13,SN490,2.92,FD,FA,1610,214,100.8
SH-450x200x9x19x13-SN400,SH-450x200x9x19x13,SN400,4.8,FC,FA,1830,254,114.5
SH-450x200x9x19x13-SN490,SH-450x200x9x19x13,SN490,3.47,FD,FA,1830,254,112.8
SH-450x200x9x22x13-SN400,SH-450x200x9x22x13,SN400,5.55,FC,FA,2040,294,126
SH-450x200x9x22x13-SN490,SH-450x200x9x22x13,SN490,4.02,FD,FA,2040,294,124.8
SH-450x200x12x16x13-SN400,SH-450x200x12x16x13,SN400,4.04,FA,FA,1690,214,115.6
SH-450x200x12x16x13-SN490,SH-450x200x12x16x13,SN490,2.92,FA,FA,1690,214,115.6
SH-450x200x12x19x13-SN400,SH-450x200x12x19x13,SN400,4.8,FA,FA,1910,254,126.9
SH-450x200x12x19x13-SN490,SH-450x200x12x19x13,SN490,3.47,FA,FA,1910,254,126.9
SH-450x200x12x22x13-SN400,SH-450x200x12x22x13,SN400,5.55,FA,FA,2120,294,138.2
SH-450x200x12x22x13-SN490,SH-450x200x12x22x13,SN490,4.02,FA,FA,2120,294,138.2
SH-450x200x12x25x13-SN400,SH-450x200x12x25x13,SN400,6.31,FA,FA,2320,334,149.5
SH-450x200x12x25x13-SN490,SH-450x200x12x25x13,SN490,4.56,FA,FA,2320,334,149.5
SH-450x250x9x12x13-SN400,SH-450x250x9x12x13,SN400,3.79,FC,FB,1570,250,99.79
SH-450x250x9x12x13-SN490,SH-450x250x9x12x13,SN490,2.74,FD,FC,1570,250,96.81
SH-450x250x9x16x13-SN400,SH-450x250x9x16x13,SN400,5.05,FC,FA,1950,334,119.1
SH-450x250x9x16x13-SN490,SH-450x250x9x16x13,SN490,3.65,FD,FB,1950,334,116.8
SH-450x250x9x19x13-SN400,SH-450x250x9x19x13,SN400,6,FC,FA,2220,396,133.5
SH-450x250x9x19x13-SN490,SH-450x250x9x19x13,SN490,4.34,FD,FA,2220,396,131.8
SH-450x250x9x22x13-SN400,SH-450x250x9x22x13,SN400,6.94,FC,FA,2490,459,148
SH-450x250x9x22x13-SN490,SH-450x250x9x22x13,SN490,5.02,FD,FA,2490,459,146.8
SH-450x250x12x16x13-SN400,SH-450x250x12x16x13,SN400,5.05,FA,FA,2030,334,131.6
SH-450x250x12x16x13-SN490,SH-450x250x12x16x13,SN490,3.65,FA,FB,2030,334,131.6
SH-450x250x12x19x13-SN400,SH-450x250x12x19x13,SN400,6,FA,FA,2300,396,145.9
SH-450x250x12x19x13-SN490,SH-450x250x12x19x13,SN490,4.34,FA,FA,2300,396,145.9
SH-450x250x12x22x13-SN400,SH-450x250x12x22x13,SN400,6.94,FA,FA,2560,459,160.2
SH-450x250x12x22x13-SN490,SH-450x250x12x22x13,SN490,5.02,FA,FA,2560,459,160.2
SH-450x250x12x25x13-SN400,SH-450x250x12x25x13,SN400,7.89,FA,FA,2820,521,174.5
SH-450x250x12x25x13-SN490,SH-450x250x12x25x13,SN490,5.71,FA,FA,2820,521,174.5
SH-450x250x12x28x13-SN400,SH-450x250x12x28x13,SN400,8.84,FA,FA,3070,584,188.7
SH-450x250x12x28x13-SN490,SH-450x250x12x28x13,SN490,6.39,FA,FA,3070,584,188.7
SH-500x200x9x12x13-SN400,SH-500x200x9x12x13,SN400,2.73,FD,FA,1500,160,90.63
SH-500x200x9x12x13-SN490,SH-500x200x9x12x13,SN490,1.97,FD,FB,1500,160,84.81
SH-500x200x9x16x13-SN400,SH-500x200x9x16x13,SN400,3.64,FD,FA,1840,214,106.6
SH-500x200x9x16x13-SN490,SH-500x200x9x16x13,SN490,2.63,FD,FB,1840,214,100.8
SH-500x200x9x19x13-SN400,SH-500x200x9x19x13,SN400,4.32,FD,FA,2090,254,118.6
SH-500x200x9x19x13-SN490,SH-500x200x9x19x13,SN490,3.12,FD,FB,2090,254,112.8
SH-500x200x9x22x13-SN400,SH-500x200x9x22x13,SN400,5,FD,FA,2330,294,130.5
SH-500x200x9x22x13-SN490,SH-500x200x9x22x13,SN490,3.61,FD,FA,2330,294,124.8
SH-500x200x12x16x13-SN400,SH-500x200x12x16x13,SN400,3.64,FA,FA,1940,214,121.6
SH-500x200x12x16x13-SN490,SH-500x200x12x16x13,SN490,2.63,FC,FA,1940,214,121.6
SH-500x200x12x19x13-SN400,SH-500x200x12x19x13,SN400,4.32,FA,FA,2180,254,132.9
SH-500x200x12x19x13-SN490,SH-500x200x12x19x13,SN490,3.12,FC,FA,2180,254,132.9
SH-500x200x12x22x13-SN400,SH-500x200x12x22x13,SN400,5,FA,FA,2420,294,144.2
SH-500x200x12x22x13-SN490,SH-500x200x12x22x13,SN490,3.61,FB,FA,2420,294,144.2
SH-500x200x12x25x13-SN400,SH-500x200x12x25x13,SN400,5.68,FA,FA,2650,334,155.5
SH-500x200x12x25x13-SN490,SH-500x200x12x25x13,SN490,4.11,FB,FA,2650,334,155.5
SH-500x250x9x12x13-SN400,SH-500x250x9x12x13,SN400,3.41,FD,FB,1780,250,102.6
SH-500x250x9x12x13-SN490,SH-500x250x9x12x13,SN490,2.46,FD,FC,1780,250,96.81
SH-500x250x9x16x13-SN400,SH-500x250x9x16x13,SN400,4.54,FD,FA,2210,334,122.6
SH-500x250x9x16x13-SN490,SH-500x250x9x16x13,SN490,3.29,FD,FB,2210,334,116.8
SH-500x250x9x19x13-SN400,SH-500x250x9x19x13,SN400,5.4,FD,FA,2530,396,137.6
SH-500x250x9x19x13-SN490,SH-500x250x9x19x13,SN490,3.9,FD,FB,2530,396,131.8
SH-500x250x9x22x13-SN400,SH-500x250x9x22x13,SN400,6.25,FD,FA,2830,459,152.5
SH-500x250x9x22x13-SN490,SH-500x250x9x22x13,SN490,4.52,FD,FA,2830,459,146.8
SH-500x250x12x16x13-SN400,SH-500x250x12x16x13,SN400,4.54,FA,FA,2320,334,137.6
SH-500x250x12x16x13-SN490,SH-500x250x12x16x13,SN490,3.29,FC,FB,2320,334,137.6
SH-500x250x12x19x13-SN400,SH-500x250x12x19x13,SN400,5.4,FA,FA,2620,396,151.9
SH-500x250x12x19x13-SN490,SH-500x250x12x19x13,SN490,3.9,FC,FA,2620,396,151.9
SH-500x250x12x22x13-SN400,SH-500x250x12x22x13,SN400,6.25,FA,FA,2920,459,166.2
SH-500x250x12x22x13-SN490,SH-500x250x12x22x13,SN490,4.52,FB,FA,2920,459,166.2
SH-500x250x12x25x13-SN400,SH-500x250x12x25x13,SN400,7.1,FA,FA,3220,521,180.5
SH-500x250x12x25x13-SN490,SH-500x250x12x25x13,SN490,5.13,FB,FA,3220,521,180.5
SH-500x250x12x28x13-SN400,SH-500x250x12x28x13,SN400,7.95,FA,FA,3500,584,194.7
SH-500x250x12x28x13-SN490,SH-500x250x12x28x13,SN490,5.75,FB,FA,3500,584,194.7
SH-500x300x9x16x13-SN400,SH-500x300x9x16x13,SN400,5.45,FD,FB,2590,480,138.6
SH-500x300x9x16x13-SN490,SH-500x300x9x16x13,SN490,3.94,FD,FC,2590,480,132.8
SH-500x300x9x19x13-SN400,SH-500x300x9x19x13,SN400,6.48,FD,FA,2960,570,156.6
SH-500x300x9x19x13-SN490,SH-500x300x9x19x13,SN490,4.68,FD,FB,2960,570,150.8
SH-500x300x12x16x13-SN400,SH-500x300x12x16x13,SN400,5.45,FA,FB,2690,481,153.6
SH-500x300x12x16x13-SN490,SH-500x300x12x16x13,SN490,3.94,FC,FC,2690,481,153.6
SH-500x300x12x19x13-SN400,SH-500x300x12x19x13,SN400,6.48,FA,FA,3060,571,170.9
SH-500x300x12x19x13-SN490,SH-500x300x12x19x13,SN490,4.68,FC,FB,3060,571,170.9
SH-500x300x12x22x13-SN400,SH-500x300x12x22x13,SN400,7.5,FA,FA,3430,661,188.2
SH-500x300x12x22x13-SN490,SH-500x300x12x22x13,SN490,5.42,FB,FA,3430,661,188.2
SH-500x300x12x25x13-SN400,SH-500x300x12x25x13,SN400,8.52,FA,FA,3780,751,205.5
SH-500x300x12x25x13-SN490,SH-500x300x12x25x13,SN490,6.16,FB,FA,3780,751,205.5
SH-500x300x12x28x13-SN400,SH-500x300x12x28x13,SN400,9.54,FA,FA,4130,841,222.7
SH-500x300x12x28x13-SN490,SH-500x300x12x28x13,SN490,6.9,FB,FA,4130,841,222.7
SH-500x300x14x19x13-SN400,SH-500x300x14x19x13,SN400,6.48,FA,FA,3130,571,180.1
SH-500x300x14x19x13-SN490,SH-500x300x14x19x13,SN490,4.68,FA,FB,3130,571,180.1
SH-500x300x14x22x13-SN400,SH-500x300x14x22x13,SN400,7.5,FA,FA,3490,661,197.3
SH-500x300x14x22x13-SN490,SH-500x300x14x22x13,SN490,5.42,FA,FA,3490,661,197.3
SH-500x300x14x25x13-SN400,SH-500x300x14x25x13,SN400,8.52,FA,FA,3840,751,214.5
SH-500x300x14x25x13-SN490,SH-500x300x14x25x13,SN490,6.16,FA,FA,3840,751,214.5
SH-500x300x14x28x13-SN400,SH-500x300x14x28x13,SN400,9.54,FA,FA,4180,841,231.6
SH-500x300x14x28x13-SN490,SH-500x300x14x28x13,SN490,6.9,FA,FA,4180,841,231.6
SH-500x300x16x19x13-SN400,SH-500x300x16x19x13,SN400,6.48,FA,FA,3200,571,189.4
SH-500x300x16x19x13-SN490,SH-500x300x16x19x13,SN490,4.68,FA,FB,3200,571,189.4
SH-500x300x16x22x13-SN400,SH-500x300x16x22x13,SN400,7.5,FA,FA,3550,661,206.4
SH-500x300x16x22x13-SN490,SH-500x300x16x22x13,SN490,5.42,FA,FA,3550,661,206.4
SH-500x300x16x25x13-SN400,SH-500x300x16x25x13,SN400,8.52,FA,FA,3900,751,223.5
SH-500x300x16x25x13-SN490,SH-500x300x16x25x13,SN490,6.16,FA,FA,3900,751,223.5
SH-500x300x16x28x13-SN400,SH-500x300x16x28x13,SN400,9.54,FA,FA,4240,841,240.5
SH-500x300x16x28x13-SN490,SH-500x300x16x28x13,SN490,6.9,FA,FA,4240,841,240.5
SH-500x300x16x32x13-SN400,SH-500x300x16x32x13,SN400,10.9,FA,FA,4680,961,236.2
SH-500x300x16x32x13-SN490,SH-500x300x16x32x13,SN490,7.89,FA,FA,4680,961,263.2
SH-550x200x9x12x13-SN400,SH-550x200x9x12x13,SN400,2.48,FD,FA,1700,160,90.63
SH-550x200x9x12x13-SN490,SH-550x200x9x12x13,SN490,1.79,FD,FC,1700,160,84.81
SH-550x200x9x16x13-SN400,SH-550x200x9x16x13,SN400,3.31,FD,FA,2070,214,106.6
SH-550x200x9x16x13-SN490,SH-550x200x9x16x13,SN490,2.39,FD,FC,2070,214,100.8
SH-550x200x9x19x13-SN400,SH-550x200x9x19x13,SN400,3.92,FD,FA,2350,254,118.6
SH-550x200x9x19x13-SN490,SH-550x200x9x19x13,SN490,2.84,FD,FC,2350,254,112.8
SH-550x200x9x22x13-SN400,SH-550x200x9x22x13,SN400,4.54,FD,FA,2620,294,130.6
SH-550x200x9x22x13-SN490,SH-550x200x9x22x13,SN490,3.29,FD,FC,2620,294,124.8
SH-550x200x12x16x13-SN400,SH-550x200x12x16x13,SN400,3.31,FB,FA,2200,214,127.6
SH-550x200x12x16x13-SN490,SH-550x200x12x16x13,SN490,2.39,FD,FA,2200,214,127.3
SH-550x200x12x19x13-SN400,SH-550x200x12x19x13,SN400,3.92,FA,FA,2470,254,138.9
SH-550x200x12x19x13-SN490,SH-550x200x12x19x13,SN490,2.84,FD,FA,2470,254,138.9
SH-550x200x12x22x13-SN400,SH-550x200x12x22x13,SN400,4.54,FA,FA,2740,294,150.2
SH-550x200x12x22x13-SN490,SH-550x200x12x22x13,SN490,3.29,FD,FA,2740,294,150.2
SH-550x200x12x25x13-SN400,SH-550x200x12x25x13,SN400,5.16,FA,FA,2990,334,161.5
SH-550x200x12x25x13-SN490,SH-550x200x12x25x13,SN490,3.73,FD,FA,2990,334,161.5
SH-550x250x9x12x13-SN400,SH-550x250x9x12x13,SN400,3.1,FD,FB,2010,250,102.6
SH-550x250x9x12x13-SN490,SH-550x250x9x12x13,SN490,2.24,FD,FC,2010,250,96.81
SH-550x250x9x16x13-SN400,SH-550x250x9x16x13,SN400,4.13,FD,FA,2490,334,122.6
SH-550x250x9x16x13-SN490,SH-550x250x9x16x13,SN490,2.99,FD,FC,2490,334,116.8
SH-550x250x9x19x13-SN400,SH-550x250x9x19x13,SN400,4.91,FD,FA,2840,396,137.6
SH-550x250x9x19x13-SN490,SH-550x250x9x19x13,SN490,3.55,FD,FC,2840,396,131.8
SH-550x250x9x22x13-SN400,SH-550x250x9x22x13,SN400,5.68,FD,FA,3180,459,152.6
SH-550x250x9x22x13-SN490,SH-550x250x9x22x13,SN490,4.11,FD,FC,3180,459,146.8
SH-550x250x12x16x13-SN400,SH-550x250x12x16x13,SN400,4.13,FB,FA,2610,334,143.6
SH-550x250x12x16x13-SN490,SH-550x250x12x16x13,SN490,2.99,FD,FB,2610,334,143.3
SH-550x250x12x19x13-SN400,SH-550x250x12x19x13,SN400,4.91,FA,FA,2960,397,157.9
SH-550x250x12x19x13-SN490,SH-550x250x12x19x13,SN490,3.55,FD,FA,2960,397,157.9
SH-550x250x12x22x13-SN400,SH-550x250x12x22x13,SN400,5.68,FA,FA,3290,459,172.2
SH-550x250x12x22x13-SN490,SH-550x250x12x22x13,SN490,4.11,FD,FA,3290,459,172.2
SH-550x250x12x25x13-SN400,SH-550x250x12x25x13,SN400,6.46,FA,FA,3620,522,186.5
SH-550x250x12x25x13-SN490,SH-550x250x12x25x13,SN490,4.67,FD,FA,3620,522,186.5
SH-550x250x12x28x13-SN400,SH-550x250x12x28x13,SN400,7.23,FA,FA,3940,584,200.7
SH-550x250x12x28x13-SN490,SH-550x250x12x28x13,SN490,5.23,FD,FA,3940,584,200.7
SH-550x300x9x16x13-SN400,SH-550x300x9x16x13,SN400,4.96,FD,FB,2900,480,138.6
SH-550x300x9x16x13-SN490,SH-550x300x9x16x13,SN490,3.58,FD,FC,2900,480,132.8
SH-550x300x9x19x13-SN400,SH-550x300x9x19x13,SN400,5.89,FD,FA,3320,570,156.6
SH-550x300x9x19x13-SN490,SH-550x300x9x19x13,SN490,4.26,FD,FC,3320,570,150.8
SH-550x300x12x16x13-SN400,SH-550x300x12x16x13,SN400,4.96,FB,FB,3030,481,159.6
SH-550x300x12x16x13-SN490,SH-550x300x12x16x13,SN490,3.58,FD,FC,3030,481,159.3
SH-550x300x12x19x13-SN400,SH-550x300x12x19x13,SN400,5.89,FA,FA,3450,571,176.9
SH-550x300x12x19x13-SN490,SH-550x300x12x19x13,SN490,4.26,FD,FB,3450,571,176.9
SH-550x300x12x22x13-SN400,SH-550x300x12x22x13,SN400,6.82,FA,FA,3850,661,194.2
SH-550x300x12x22x13-SN490,SH-550x300x12x22x13,SN490,4.93,FD,FA,3850,661,194.2
SH-550x300x12x25x13-SN400,SH-550x300x12x25x13,SN400,7.75,FA,FA,4250,751,211.5
SH-550x300x12x25x13-SN490,SH-550x300x12x25x13,SN490,5.6,FD,FA,4250,751,211.5
SH-550x300x12x28x13-SN400,SH-550x300x12x28x13,SN400,8.68,FA,FA,4640,841,228.7
SH-550x300x12x28x13-SN490,SH-550x300x12x28x13,SN490,6.27,FD,FA,4640,841,228.7
SH-550x300x14x19x13-SN400,SH-550x300x14x19x13,SN400,5.89,FA,FA,3530,571,187.1
SH-550x300x14x19x13-SN490,SH-550x300x14x19x13,SN490,4.26,FB,FB,3530,571,187.1
SH-550x300x14x22x13-SN400,SH-550x300x14x22x13,SN400,6.82,FA,FA,3930,661,204.3
SH-550x300x14x22x13-SN490,SH-550x300x14x22x13,SN490,4.93,FA,FA,3930,661,204.3
SH-550x300x14x25x13-SN400,SH-550x300x14x25x13,SN400,7.75,FA,FA,4320,751,221.5
SH-550x300x14x25x13-SN490,SH-550x300x14x25x13,SN490,5.6,FA,FA,4320,751,221.5
SH-550x300x14x28x13-SN400,SH-550x300x14x28x13,SN400,8.68,FA,FA,4710,841,238.6
SH-550x300x14x28x13-SN490,SH-550x300x14x28x13,SN490,6.27,FA,FA,4710,841,238.6
SH-550x300x16x22x13-SN400,SH-550x300x16x22x13,SN400,6.82,FA,FA,4010,661,214.4
SH-550x300x16x22x13-SN490,SH-550x300x16x22x13,SN490,4.93,FA,FA,4010,661,214.4
SH-550x300x16x25x13-SN400,SH-550x300x16x25x13,SN400,7.75,FA,FA,4400,751,231.5
SH-550x300x16x25x13-SN490,SH-550x300x16x25x13,SN490,5.6,FA,FA,4400,751,231.5
SH-550x300x16x28x13-SN400,SH-550x300x16x28x13,SN400,8.68,FA,FA,4780,841,248.5
SH-550x300x16x28x13-SN490,SH-550x300x16x28x13,SN490,6.27,FA,FA,4780,841,248.5
SH-600x200x9x12x13-SN400,SH-600x200x9x12x13,SN400,2.27,FD,FB,1900,160,90.63
SH-600x200x9x12x13-SN490,SH-600x200x9x12x13,SN490,1.64,FD,FD,1900,160,84.81
SH-600x200x9x16x13-SN400,SH-600x200x9x16x13,SN400,3.03,FD,FB,2320,214,106.6
SH-600x200x9x16x13-SN490,SH-600x200x9x16x13,SN490,2.19,FD,FD,2320,214,100.8
SH-600x200x9x19x13-SN400,SH-600x200x9x19x13,SN400,3.6,FD,FB,2620,254,118.6
SH-600x200x9x19x13-SN490,SH-600x200x9x19x13,SN490,2.6,FD,FD,2620,254,112.8
SH-600x200x9x22x13-SN400,SH-600x200x9x22x13,SN400,4.17,FD,FB,2920,294,130.6
SH-600x200x9x22x13-SN490,SH-600x200x9x22x13,SN490,3.01,FD,FD,2920,294,124.8
SH-600x200x12x16x13-SN400,SH-600x200x12x16x13,SN400,3.03,FC,FA,2470,214,133.6
SH-600x200x12x16x13-SN490,SH-600x200x12x16x13,SN490,2.19,FD,FA,2470,214,127.2
SH-600x200x12x19x13-SN400,SH-600x200x12x19x13,SN400,3.6,FC,FA,2770,254,144.9
SH-600x200x12x19x13-SN490,SH-600x200x12x19x13,SN490,2.6,FD,FA,2770,254,139.3
SH-600x200x12x22x13-SN400,SH-600x200x12x22x13,SN400,4.17,FC,FA,3060,294,156.2
SH-600x200x12x22x13-SN490,SH-600x200x12x22x13,SN490,3.01,FD,FA,3060,294,151.3
SH-600x200x12x25x13-SN400,SH-600x200x12x25x13,SN400,4.73,FC,FA,3350,334,167.5
SH-600x200x12x25x13-SN490,SH-600x200x12x25x13,SN490,3.42,FD,FA,3350,334,163.3
SH-600x200x12x28x13-SN400,SH-600x200x12x28x13,SN400,5.3,FC,FA,3630,374,178.7
SH-600x200x12x28x13-SN490,SH-600x200x12x28x13,SN490,3.83,FD,FA,3630,374,175.3
SH-600x250x9x16x13-SN400,SH-600x250x9x16x13,SN400,3.79,FD,FB,2770,334,122.6
SH-600x250x9x16x13-SN490,SH-600x250x9x16x13,SN490,2.74,FD,FD,2770,334,116.8
SH-600x250x9x19x13-SN400,SH-600x250x9x19x13,SN400,4.5,FD,FB,3150,396,137.6
SH-600x250x9x19x13-SN490,SH-600x250x9x19x13,SN490,3.25,FD,FD,3150,396,131.8
SH-600x250x12x16x13-SN400,SH-600x250x12x16x13,SN400,3.79,FC,FA,2920,334,149.6
SH-600x250x12x16x13-SN490,SH-600x250x12x16x13,SN490,2.74,FD,FB,2920,334,143.3
SH-600x250x12x19x13-SN400,SH-600x250x12x19x13,SN400,4.5,FC,FA,3300,397,163.9
SH-600x250x12x19x13-SN490,SH-600x250x12x19x13,SN490,3.25,FD,FA,3300,397,158.3
SH-600x250x12x22x13-SN400,SH-600x250x12x22x13,SN400,5.21,FC,FA,3670,459,178.2
SH-600x250x12x22x13-SN490,SH-600x250x12x22x13,SN490,3.77,FD,FA,3670,459,173.3
SH-600x250x12x22x13-HBL-H355,SH-600x250x12x22x13,HBL-H355,3.45,FD,FA,3670,459,170.7
SH-600x250x12x25x13-SN400,SH-600x250x12x25x13,SN400,5.92,FC,FA,4040,522,192.5
SH-600x250x12x25x13-SN490,SH-600x250x12x25x13,SN490,4.28,FD,FA,4040,522,188.3
SH-600x250x12x25x13-HBL-H355,SH-600x250x12x25x13,HBL-H355,3.92,FD,FA,4040,522,185.7
SH-600x250x12x28x13-SN400,SH-600x250x12x28x13,SN400,6.63,FC,FA,4390,584,206.7
SH-600x250x12x28x13-SN490,SH-600x250x12x28x13,SN490,4.79,FD,FA,4390,584,203.3
SH-600x250x14x19x13-SN400,SH-600x250x14x19x13,SN400,4.5,FA,FA,3400,397,175.1
SH-600x250x14x19x13-SN490,SH-600x250x14x19x13,SN490,3.25,FC,FA,3400,397,175.1
SH-600x250x14x22x13-SN400,SH-600x250x14x22x13,SN400,5.21,FA,FA,3770,459,189.3
SH-600x250x14x22x13-SN490,SH-600x250x14x22x13,SN490,3.77,FC,FA,3770,459,189.3
SH-600x250x14x22x13-HBL-H355,SH-600x250x14x22x13,HBL-H355,3.45,FD,FA,3770,459,189.3
SH-600x250x14x25x13-SN400,SH-600x250x14x25x13,SN400,5.92,FA,FA,4130,522,203.5
SH-600x250x14x25x13-SN490,SH-600x250x14x25x13,SN490,4.28,FC,FA,4130,522,203.5
SH-600x250x14x25x13-HBL-H355,SH-600x250x14x25x13,HBL-H355,3.92,FD,FA,4130,522,203.5
SH-600x250x14x28x13-SN400,SH-600x250x14x28x13,SN400,6.63,FA,FA,4480,584,217.6
SH-600x250x14x28x13-SN490,SH-600x250x14x28x13,SN490,4.7,FC,FA,4480,584,217.6
SH-600x250x14x28x13-HBL-H355,SH-600x250x14x28x13,HBL-H355,4.39,FC,FA,4180,584,217.6
SH-600x250x16x22x13-SN400,SH-600x250x16x22x13,SN400,5.21,FA,FA,3860,460,200.4
SH-600x250x16x22x13-SN490,SH-600x250x16x22x13,SN490,3.77,FA,FA,3860,460,200.4
SH-600x250x16x22x13-HBL-H355,SH-600x250x16x22x13,HBL-H355,3.45,FA,FA,3860,460,200.4
SH-600x250x16x25x13-SN400,SH-600x250x16x25x13,SN400,5.92,FA,FA,4220,522,214.5
SH-600x250x16x25x13-SN490,SH-600x250x16x25x13,SN490,4.28,FA,FA,4220,522,214.5
SH-600x250x16x25x13-HBL-H355,SH-600x250x16x25x13,HBL-H355,3.92,FA,FA,4220,522,214.5
SH-600x250x16x28x13-SN400,SH-600x250x16x28x13,SN400,6.63,FA,FA,4570,585,228.5
SH-600x250x16x28x13-SN490,SH-600x250x16x28x13,SN490,4.79,FA,FA,4570,585,228.5
SH-600x250x16x28x13-HBL-H355,SH-600x250x16x28x13,HBL-H355,4.39,FA,FA,4570,585,228.5
SH-600x250x16x32x13-SN400,SH-600x250x16x32x13,SN400,7.57,FA,FA,5020,668,247.2
SH-600x250x16x32x13-SN490,SH-600x250x16x32x13,SN490,5.4,FA,FA,5020,668,247.2
SH-600x300x9x19x13-SN400,SH-600x300x9x19x13,SN400,5.4,FD,FB,3690,570,156.6
SH-600x300x9x19x13-SN490,SH-600x300x9x19x13,SN490,3.9,FD,FD,3690,570,150.8
SH-600x300x12x16x13-SN400,SH-600x300x12x16x13,SN400,4.54,FC,FB,3380,481,165.6
SH-600x300x12x16x13-SN490,SH-600x300x12x16x13,SN490,3.29,FD,FC,3380,481,159.3
SH-600x300x12x19x13-SN400,SH-600x300x12x19x13,SN400,5.4,FC,FA,3840,571,182.9
SH-600x300x12x19x13-SN490,SH-600x300x12x19x13,SN490,3.9,FD,FB,3840,571,177.3
SH-600x300x12x22x13-SN400,SH-600x300x12x22x13,SN400,6.25,FC,FA,4290,661,200.2
SH-600x300x12x22x13-SN490,SH-600x300x12x22x13,SN490,4.52,FD,FA,4290,661,195.3
SH-600x300x12x22x13-HBL-H355,SH-600x300x12x22x13,HBL-H355,4.14,FD,FA,4290,661,192.7
SH-600x300x12x25x13-SN400,SH-600x300x12x25x13,SN400,7.1,FC,FA,4730,751,217.5
SH-600x300x12x25x13-SN490,SH-600x300x12x25x13,SN490,5.13,FD,FA,4730,751,213.3
SH-600x300x12x25x13-HBL-H355,SH-600x300x12x25x13,HBL-H355,4.7,FD,FA,4730,751,210.7
SH-600x300x12x28x13-SN400,SH-600x300x12x28x13,SN400,7.95,FC,FA,5160,841,234.7
SH-600x300x12x28x13-SN490,SH-600x300x12x28x13,SN490,5.75,FD,FA,5160,841,231.3
SH-600x300x14x19x13-SN400,SH-600x300x14x19x13,SN400,5.4,FA,FA,3940,571,194.1
SH-600x300x14x19x13-SN490,SH-600x300x14x19x13,SN490,3.9,FC,FB,3940,571,194.1
SH-600x300x14x22x13-SN400,SH-600x300x14x22x13,SN400,6.25,FA,FA,4380,661,211.3
SH-600x300x14x22x13-SN490,SH-600x300x14x22x13,SN490,4.52,FC,FA,4380,661,211.3
SH-600x300x14x22x13-HBL-H355,SH-600x300x14x22x13,HBL-H355,4.14,FD,FA,4380,661,211.3
SH-600x300x14x25x13-SN400,SH-600x300x14x25x13,SN400,7.1,FA,FA,4820,751,228.5
SH-600x300x14x25x13-SN490,SH-600x300x14x25x13,SN490,5.13,FC,FA,4820,751,228.5
SH-600x300x14x25x13-HBL-H355,SH-600x300x14x25x13,HBL-H355,4.7,FD,FA,4820,751,228.5
SH-600x300x14x28x13-SN400,SH-600x300x14x28x13,SN400,7.95,FA,FA,5250,841,245.6
SH-600x300x14x28x13-SN490,SH-600x300x14x28x13,SN490,5.75,FC,FA,5250,841,245.6
SH-600x300x14x28x13-HBL-H355,SH-600x300x14x28x13,HBL-H355,5.26,FC,FA,5250,841,245.6
SH-600x300x14x32x13-SN400,SH-600x300x14x32x13,SN400,9.09,FA,FA,5800,961,268.5
SH-600x300x14x32x13-SN490,SH-600x300x14x32x13,SN490,6.57,FC,FA,5800,961,268.5
SH-600x300x16x22x13-SN400,SH-600x300x16x22x13,SN400,6.25,FA,FA,4480,661,222.4
SH-600x300x16x22x13-SN490,SH-600x300x16x22x13,SN490,4.52,FA,FA,4480,661,222.4
SH-600x300x16x22x13-HBL-H355,SH-600x300x16x22x13,HBL-H355,4.14,FA,FA,4480,661,222.4
SH-600x300x16x25x13-SN400,SH-600x300x16x25x13,SN400,7.1,FA,FA,4910,751,239.5
SH-600x300x16x25x13-SN490,SH-600x300x16x25x13,SN490,5.13,FA,FA,4910,751,239.5
SH-600x300x16x25x13-HBL-H355,SH-600x300x16x25x13,HBL-H355,4.7,FA,FA,4910,751,239.5
SH-600x300x16x28x13-SN400,SH-600x300x16x28x13,SN400,7.95,FA,FA,5330,841,256.5
SH-600x300x16x28x13-SN490,SH-600x300x16x28x13,SN490,5.75,FA,FA,5330,841,256.5
SH-600x300x16x28x13-HBL-H355,SH-600x300x16x28x13,HBL-H355,5.26,FA,FA,5330,841,256.5
SH-600x300x16x32x13-SN400,SH-600x300x16x32x13,SN400,9.09,FA,FA,5890,961,279.2
SH-600x300x16x32x13-SN490,SH-600x300x16x32x13,SN490,6.57,FA,FA,5890,961,279.2
SH-650x200x9x12x13-SN400,SH-650x200x9x12x13,SN400,2.1,FD,FC,2110,160,90.63
SH-650x200x9x12x13-SN490,SH-650x200x9x12x13,SN490,1.52,FD,FD,2110,160,84.81
SH-650x200x9x16x13-SN400,SH-650x200x9x16x13,SN400,2.8,FD,FC,2570,214,106.6
SH-650x200x9x16x13-SN490,SH-650x200x9x16x13,SN490,2.02,FD,FD,2570,214,100.8
SH-650x200x9x19x13-SN400,SH-650x200x9x19x13,SN400,3.32,FD,FC,2900,254,118.6
SH-650x200x9x19x13-SN490,SH-650x200x9x19x13,SN490,2.4,FD,FD,2900,254,112.8
SH-650x200x9x22x13-SN400,SH-650x200x9x22x13,SN400,3.85,FD,FC,3220,294,130.6
SH-650x200x9x22x13-SN490,SH-650x200x9x22x13,SN490,2.78,FD,FD,3220,294,124.8
SH-650x200x12x16x13-SN400,SH-650x200x12x16x13,SN400,2.8,FD,FA,2750,214,137.6
SH-650x200x12x16x13-SN490,SH-650x200x12x16x13,SN490,2.02,FD,FB,2750,214,127.3
SH-650x200x12x19x13-SN400,SH-650x200x12x19x13,SN400,3.32,FD,FA,3070,254,149.6
SH-650x200x12x19x13-SN490,SH-650x200x12x19x13,SN490,2.4,FD,FA,3070,254,139.3
SH-650x200x12x22x13-SN400,SH-650x200x12x22x13,SN400,3.85,FD,FA,3400,294,161.6
SH-650x200x12x22x13-SN490,SH-650x200x12x22x13,SN490,2.78,FD,FA,3400,294,151.3
SH-650x200x12x25x13-SN400,SH-650x200x12x25x13,SN400,4.37,FD,FA,3710,334,173.5
SH-650x200x12x25x13-SN490,SH-650x200x12x25x13,SN490,3.16,FD,FA,3710,334,163.3
SH-650x200x12x28x13-SN400,SH-650x200x12x28x13,SN400,4.89,FD,FA,4020,374,184.7
SH-650x200x12x28x13-SN490,SH-650x200x12x28x13,SN490,3.54,FD,FA,4020,374,175.3
SH-650x250x9x16x13-SN400,SH-650x250x9x16x13,SN400,3.5,FD,FC,3060,334,122.6
SH-650x250x9x16x13-SN490,SH-650x250x9x16x13,SN490,2.53,FD,FD,3060,334,116.8
SH-650x250x12x16x13-SN400,SH-650x250x12x16x13,SN400,3.5,FD,FA,3240,334,153.6
SH-650x250x12x16x13-SN490,SH-650x250x12x16x13,SN490,2.53,FD,FB,3240,334,143.3
SH-650x250x12x19x13-SN400,SH-650x250x12x19x13,SN400,4.15,FD,FA,3660,397,168.6
SH-650x250x12x19x13-SN490,SH-650x250x12x19x13,SN490,3,FD,FA,3660,397,158.3
SH-650x250x12x22x13-SN400,SH-650x250x12x22x13,SN400,4.81,FD,FA,4060,459,183.6
SH-650x250x12x22x13-SN490,SH-650x250x12x22x13,SN490,3.48,FD,FA,4060,459,173.3
SH-650x250x12x22x13-HBL-H355,SH-650x250x12x22x13,HBL-H355,3.18,FD,FB,4060,459,170.7
SH-650x250x12x25x13-SN400,SH-650x250x12x25x13,SN400,5.46,FD,FA,4460,522,198.5
SH-650x250x12x25x13-SN490,SH-650x250x12x25x13,SN490,3.95,FD,FA,4460,522,188.3
SH-650x250x12x28x13-SN400,SH-650x250x12x28x13,SN400,6.12,FD,FA,4850,584,212.7
SH-650x250x12x28x13-SN490,SH-650x250x12x28x13,SN490,4.42,FD,FA,4850,584,203.3
SH-650x250x14x19x13-SN400,SH-650x250x14x19x13,SN400,4.15,FB,FA,3770,397,182.1
SH-650x250x14x19x13-SN490,SH-650x250x14x19x13,SN490,3,FD,FA,3770,397,180
SH-650x250x14x22x13-SN400,SH-650x250x14x22x13,SN400,4.81,FB,FA,4180,460,196.3
SH-650x250x14x22x13-SN490,SH-650x250x14x22x13,SN490,3.48,FD,FA,4180,460,195
SH-650x250x14x22x13-HBL-H355,SH-650x250x14x22x13,HBL-H355,3.18,FD,FA,4180,460,191.5
SH-650x250x14x25x13-SN400,SH-650x250x14x25x13,SN400,5.46,FA,FA,4570,522,210.5
SH-650x250x14x25x13-SN490,SH-650x250x14x25x13,SN490,3.95,FD,FA,4570,522,210
SH-650x250x14x25x13-HBL-H355,SH-650x250x14x25x13,HBL-H355,3.62,FD,FA,4570,255,206.5
SH-650x250x14x28x13-SN400,SH-650x250x14x28x13,SN400,6.12,FA,FA,4960,585,224.6
SH-650x250x14x28x13-SN490,SH-650x250x14x28x13,SN490,4.42,FD,FA,4960,585,224.6
SH-650x250x16x22x13-SN400,SH-650x250x16x22x13,SN400,4.81,FA,FA,4290,460,208.4
SH-650x250x16x22x13-SN490,SH-650x250x16x22x13,SN490,3.48,FB,FA,4290,460,208.4
SH-650x250x16x22x13-HBL-H355,SH-650x250x16x22x13,HBL-H355,3.18,FC,FA,4290,460,208.4
SH-650x250x16x25x13-SN400,SH-650x250x16x25x13,SN400,5.46,FA,FA,4680,523,222.5
SH-650x250x16x25x13-SN490,SH-650x250x16x25x13,SN490,3.95,FB,FA,4680,523,222.5
SH-650x250x16x25x13-HBL-H355,SH-650x250x16x25x13,HBL-H355,3.62,FC,FA,4680,523,222.5
SH-650x250x16x28x13-SN400,SH-650x250x16x28x13,SN400,6.12,FA,FA,5070,585,236.5
SH-650x250x16x28x13-SN490,SH-650x250x16x28x13,SN490,4.42,FB,FA,5070,585,236.5
SH-650x250x16x28x13-HBL-H355,SH-650x250x16x28x13,HBL-H355,4.05,FC,FA,5070,585,236.5
SH-650x250x16x32x13-SN400,SH-650x250x16x32x13,SN400,6.99,FA,FA,5570,668,255.2
SH-650x250x16x32x13-SN490,SH-650x250x16x32x13,SN490,5.06,FB,FA,5570,668,255.2
SH-650x300x12x16x13-SN400,SH-650x300x12x16x13,SN400,4.2,FD,FB,3740,481,169.6
SH-650x300x12x16x13-SN490,SH-650x300x12x16x13,SN490,3.03,FD,FC,3740,481,159.3
SH-650x300x12x19x13-SN400,SH-650x300x12x19x13,SN400,4.98,FD,FA,4240,571,187.6
SH-650x300x12x19x13-SN490,SH-650x300x12x19x13,SN490,3.6,FD,FB,4240,571,177.3
SH-650x300x12x22x13-SN400,SH-650x300x12x22x13,SN400,5.77,FD,FA,4730,661,205.6
SH-650x300x12x22x13-SN490,SH-650x300x12x22x13,SN490,4.17,FD,FA,4730,661,195.3
SH-650x300x12x22x13-HBL-H355,SH-650x300x12x22x13,HBL-H355,3.82,FD,FB,4730,661,192.7
SH-650x300x12x25x13-SN400,SH-650x300x12x25x13,SN400,6.55,FD,FA,5210,751,223.5
SH-650x300x12x25x13-SN490,SH-650x300x12x25x13,SN490,4.74,FD,FA,5210,751,213.3
SH-650x300x14x19x13-SN400,SH-650x300x14x19x13,SN400,4.98,FB,FA,4360,571,2011
SH-650x300x14x19x13-SN490,SH-650x300x14x19x13,SN490,3.6,FD,FB,4360,571,199
SH-650x300x14x22x13-SN400,SH-650x300x14x22x13,SN400,5.77,FB,FA,4850,661,218.3
SH-650x300x14x22x13-SN490,SH-650x300x14x22x13,SN490,4.17,FD,FA,4850,661,217
SH-650x300x14x22x13-HBL-H355,SH-650x300x14x22x13,HBL-H355,3.82,FD,FA,4850,661,213.5
SH-650x300x14x25x13-SN400,SH-650x300x14x25x13,SN400,6.55,FA,FA,5320,751,235.5
SH-650x300x14x25x13-SN490,SH-650x300x14x25x13,SN490,4.74,FD,FA,5320,751,235
SH-650x300x14x25x13-HBL-H355,SH-650x300x14x25x13,HBL-H355,4.34,FD,FA,5320,751,231.5
SH-650x300x14x28x13-SN400,SH-650x300x14x28x13,SN400,7.34,FA,FA,5790,841,252.6
SH-650x300x14x28x13-SN490,SH-650x300x14x28x13,SN490,5.31,FD,FA,5790,841,252.6
SH-650x300x16x22x13-SN400,SH-650x300x16x22x13,SN400,5.77,FA,FA,4960,661,230.4
SH-650x300x16x22x13-SN490,SH-650x300x16x22x13,SN490,4.17,FB,FA,4960,661,230.4
SH-650x300x16x22x13-HBL-H355,SH-650x300x16x22x13,HBL-H355,3.82,FC,FA,4960,661,230.4
SH-650x300x16x25x13-SN400,SH-650x300x16x25x13,SN400,6.55,FA,FA,5440,751,247.5
SH-650x300x16x25x13-SN490,SH-650x300x16x25x13,SN490,4.74,FB,FA,5440,751,247.5
SH-650x300x16x25x13-HBL-H355,SH-650x300x16x25x13,HBL-H355,4.34,FC,FA,5440,751,247.5
SH-650x300x16x28x13-SN400,SH-650x300x16x28x13,SN400,7.34,FA,FA,5900,841,264.5
SH-650x300x16x28x13-SN490,SH-650x300x16x28x13,SN490,5.31,FB,FA,5900,841,264.5
SH-650x300x16x28x13-HBL-H355,SH-650x300x16x28x13,HBL-H355,4.86,FC,FA,5900,841,264.5
SH-650x300x16x32x13-SN400,SH-650x300x16x32x13,SN400,8.39,FA,FA,6510,961,287.2
SH-650x300x16x32x13-SN490,SH-650x300x16x32x13,SN490,6.07,FB,FA,6510,961,287.2
SH-700x200x9x12x18-SN400,SH-700x200x9x12x18,SN400,1.95,FD,FD,2370,161,92.86
SH-700x200x9x12x18-SN490,SH-700x200x9x12x18,SN490,1.41,FD,FD,2370,161,87.04
SH-700x200x9x16x18-SN400,SH-700x200x9x16x18,SN400,2.6,FD,FD,2860,214,108.9
SH-700x200x9x16x18-SN490,SH-700x200x9x16x18,SN490,1.88,FD,FD,2860,214,103
SH-700x200x9x19x18-SN400,SH-700x200x9x19x18,SN400,3.08,FD,FD,3220,254,120.9
SH-700x200x9x19x18-SN490,SH-700x200x9x19x18,SN490,2.23,FD,FD,3220,254,115
SH-700x200x9x22x18-SN400,SH-700x200x9x22x18,SN400,3.57,FD,FD,3580,294,132.9
SH-700x200x9x22x18-SN490,SH-700x200x9x22x18,SN490,2.58,FD,FD,3580,294,127
SH-700x200x12x16x18-SN400,SH-700x200x12x16x18,SN400,2.6,FD,FA,3080,215,140.1
SH-700x200x12x16x18-SN490,SH-700x200x12x16x18,SN490,1.88,FD,FC,3080,215,129.8
SH-700x200x12x19x18-SN400,SH-700x200x12x19x18,SN400,3.08,FD,FA,3430,255,152.1
SH-700x200x12x19x18-SN490,SH-700x200x12x19x18,SN490,2.23,FD,FB,3430,255,141.8
SH-700x200x12x22x18-SN400,SH-700x200x12x22x18,SN400,3.57,FD,FA,3780,295,164.1
SH-700x200x12x22x18-SN490,SH-700x200x12x22x18,SN490,2.58,FD,FB,3780,295,153.8
SH-700x200x12x25x18-SN400,SH-700x200x12x25x18,SN400,4.06,FD,FA,4120,335,176.1
SH-700x200x12x25x18-SN490,SH-700x200x12x25x18,SN490,2.93,FD,FB,4120,335,165.8
SH-700x200x12x28x18-SN400,SH-700x200x12x28x18,SN400,4.54,FD,FA,4460,375,188.1
SH-700x200x12x28x18-SN490,SH-700x200x12x28x18,SN490,3.29,FD,FB,4460,375,177.8
SH-700x250x9x16x18-SN400,SH-700x250x9x16x18,SN400,3.25,FD,FD,3400,334,124.9
SH-700x250x9x16x18-SN490,SH-700x250x9x16x18,SN490,2.35,FD,FD,3400,334,119
SH-700x250x9x19x18-SN400,SH-700x250x9x19x18,SN400,3.85,FD,FD,3850,396,139.9
SH-700x250x9x19x18-SN490,SH-700x250x9x19x18,SN490,2.79,FD,FD,3850,396,134
SH-700x250x12x16x18-SN400,SH-700x250x12x16x18,SN400,3.25,FD,FA,3610,334,156.1
SH-700x250x12x16x18-SN490,SH-700x250x12x16x18,SN490,2.35,FD,FC,3610,334,145.8
SH-700x250x12x19x18-SN400,SH-700x250x12x19x18,SN400,3.85,FD,FA,4060,397,171.1
SH-700x250x12x19x18-SN490,SH-700x250x12x19x18,SN490,2.79,FD,FB,4060,397,160.8
SH-700x250x12x22x18-SN400,SH-700x250x12x22x18,SN400,4.46,FD,FA,4500,459,186.1
SH-700x250x12x22x18-SN490,SH-700x250x12x22x18,SN490,3.23,FD,FB,4500,459,175.8
SH-700x250x12x22x18-HBL-H355,SH-700x250x12x22x18,HBL-H355,2.95,FD,FC,4500,459,173.3
SH-700x250x12x25x18-SN400,SH-700x250x12x25x18,SN400,5.07,FD,FA,4940,522,201.1
SH-700x250x12x25x18-SN490,SH-700x250x12x25x18,SN490,3.67,FD,FB,4940,522,190.8
SH-700x250x12x25x18-HBL-H355,SH-700x250x12x25x18,HBL-H355,3.36,FD,FC,4900,522,188.3
SH-700x250x14x19x18-SN400,SH-700x250x14x19x18,SN400,3.85,FC,FA,4200,397,190.5
SH-700x250x14x19x18-SN490,SH-700x250x14x19x18,SN490,2.79,FD,FA,4200,397,182.7
SH-700x250x14x22x18-SN400,SH-700x250x14x22x18,SN400,4.46,FC,FA,4640,460,204.6
SH-700x250x14x22x18-SN490,SH-700x250x14x22x18,SN490,3.23,FD,FA,4640,460,197.7
SH-700x250x14x22x18-HBL-H355,SH-700x250x14x22x18,HBL-H355,2.95,FD,FA,4640,460,194.3
SH-700x250x14x25x18-SN400,SH-700x250x14x25x18,SN400,5.07,FC,FA,5070,522,218.8
SH-700x250x14x25x18-SN490,SH-700x250x14x25x18,SN490,3.67,FD,FA,5070,522,212.7
SH-700x250x14x25x18-HBL-H355,SH-700x250x14x25x18,HBL-H355,3.36,FD,FA,5070,522,209.3
SH-700x250x14x28x18-SN400,SH-700x250x14x28x18,SN400,5.68,FC,FA,5490,585,232.9
SH-700x250x14x28x18-SN490,SH-700x250x14x28x18,SN490,4.11,FD,FA,5490,585,227.7
SH-700x300x12x19x18-SN400,SH-700x300x12x19x18,SN400,4.63,FD,FA,4690,571,190.1
SH-700x300x12x19x18-SN490,SH-700x300x12x19x18,SN490,3.34,FD,FB,4690,571,179.8
SH-700x300x12x22x18-SN400,SH-700x300x12x22x18,SN400,5.36,FD,FA,5230,661,208.1
SH-700x300x12x22x18-SN490,SH-700x300x12x22x18,SN490,3.87,FD,FB,5230,661,197.8
SH-700x300x12x22x18-HBL-H355,SH-700x300x12x22x18,HBL-H355,3.55,FD,FC,5230,661,195.3
SH-700x300x12x25x18-SN400,SH-700x300x12x25x18,SN400,6.09,FD,FA,5750,751,226.1
SH-700x300x12x25x18-SN490,SH-700x300x12x25x18,SN490,4.4,FD,FB,5750,751,215.8
SH-700x300x12x25x18-HBL-H355,SH-700x300x12x25x18,HBL-H355,4.03,FD,FC,5750,751,213.3
SH-700x300x12x28x18-SN400,SH-700x300x12x28x18,SN400,6.82,FD,FA,6270,841,244.1
SH-700x300x12x28x18-SN490,SH-700x300x12x28x18,SN490,4.93,FD,FB,6270,841,233.8
SH-700x300x14x19x18-SN400,SH-700x300x14x19x18,SN400,4.63,FC,FA,4830,571,209.5
SH-700x300x14x19x18-SN490,SH-700x300x14x19x18,SN490,3.34,FD,FB,4830,571,201.7
SH-700x300x14x22x18-SN400,SH-700x300x14x22x18,SN400,5.36,FC,FA,5360,661,226.6
SH-700x300x14x22x18-SN490,SH-700x300x14x22x18,SN490,3.87,FD,FA,5360,661,219.7
SH-700x300x14x22x18-HBL-H355,SH-700x300x14x22x18,HBL-H355,3.55,FD,FA,5360,661,216.3
SH-700x300x14x25x18-SN400,SH-700x300x14x25x18,SN400,6.09,FC,FA,5880,751,243.8
SH-700x300x14x25x18-SN490,SH-700x300x14x25x18,SN490,4.4,FD,FA,5880,751,237.7
SH-700x300x14x25x18-HBL-H355,SH-700x300x14x25x18,HBL-H355,4.03,FD,FA,5880,751,234.3
SH-700x300x14x28x18-SN400,SH-700x300x14x28x18,SN400,6.82,FC,FA,6390,841,260.9
SH-700x300x14x28x18-SN490,SH-700x300x14x28x18,SN490,4.93,FD,FA,6390,841,255.7
SH-700x300x14x28x18-HBL-H355,SH-700x300x14x28x18,HBL-H355,4.51,FD,FA,6390,841,252.3
SH-700x300x14x32x18-SN400,SH-700x300x14x32x18,SN400,7.79,FC,FA,7060,961,283.8
SH-700x300x14x32x18-SN490,SH-700x300x14x32x18,SN490,5.63,FD,FA,7060,961,279.7
SH-700x300x16x22x18-SN400,SH-700x300x16x22x18,SN400,5.36,FA,FA,5490,662,239.7
SH-700x300x16x22x18-SN490,SH-700x300x16x22x18,SN490,3.87,FD,FA,5490,662,239.7
SH-700x300x16x22x18-HBL-H355,SH-700x300x16x22x18,HBL-H355,3.55,FD,FA,5490,662,239.7
SH-700x300x16x25x18-SN400,SH-700x300x16x25x18,SN400,6.09,FA,FA,6010,752,256.8
SH-700x300x16x25x18-SN490,SH-700x300x16x25x18,SN490,4.4,FC,FA,6010,752,256.8
SH-700x300x16x25x18-HBL-H355,SH-700x300x16x25x18,HBL-H355,4.03,FD,FA,6010,752,256.8
SH-700x300x16x28x18-SN400,SH-700x300x16x28x18,SN400,6.82,FA,FA,6520,842,273.8
SH-700x300x16x28x18-SN490,SH-700x300x16x28x18,SN490,4.93,FC,FA,6520,842,273.8
SH-700x300x16x28x18-HBL-H355,SH-700x300x16x28x18,HBL-H355,4.51,FD,FA,6520,842,273.8
SH-700x300x16x32x18-SN400,SH-700x300x16x32x18,SN400,7.79,FA,FA,7180,962,296.5
SH-700x300x16x32x18-SN490,SH-700x300x16x32x18,SN490,5.63,FC,FA,7180,962,296.5
SH-700x300x16x32x18-HBL-H355,SH-700x300x16x32x18,HBL-H355,5.16,FD,FA,7180,962,296.5
SH-700x300x16x36x18-SN400,SH-700x300x16x36x18,SN400,8.76,FA,FA,7830,1080,319.3
SH-700x300x16x36x18-SN490,SH-700x300x16x36x18,SN490,6.34,FC,FA,7830,1080,319.3
SH-700x350x12x22x18-SN400,SH-700x350x12x22x18,SN400,6.25,FD,FA,5950,899,230.1
SH-700x350x12x22x18-SN490,SH-700x350x12x22x18,SN490,4.52,FD,FB,5950,899,219.8
SH-700x350x12x22x18-HBL-H355,SH-700x350x12x22x18,HBL-H355,4.14,FD,FC,5950,899,217.3
SH-700x350x12x25x18-SN400,SH-700x350x12x25x18,SN400,7.1,FD,FA,6560,1020,251.1
SH-700x350x12x25x18-SN490,SH-700x350x12x25x18,SN490,5.13,FD,FB,6560,1020,240.8
SH-700x350x12x25x18-HBL-H355,SH-700x350x12x25x18,HBL-H355,4.7,FD,FC,6560,1020,238.3
SH-700x350x14x22x18-SN400,SH-700x350x14x22x18,SN400,6.25,FC,FA,6080,899,248.6
SH-700x350x14x22x18-SN490,SH-700x350x14x22x18,SN490,4.52,FD,FB,6080,899,241.7
SH-700x350x14x22x18-HBL-H355,SH-700x350x14x22x18,HBL-H355,4.14,FD,FB,6080,899,238.3
SH-700x350x14x25x18-SN400,SH-700x350x14x25x18,SN400,7.1,FC,FA,6700,1020,268.8
SH-700x350x14x25x18-SN490,SH-700x350x14x25x18,SN490,5.13,FD,FA,6700,1020,262.7
SH-700x350x14x25x18-HBL-H355,SH-700x350x14x25x18,HBL-H355,4.7,FD,FA,6700,1020,259.3
SH-700x350x14x28x18-SN400,SH-700x350x14x28x18,SN400,7.95,FC,FA,7300,1140,288.9
SH-700x350x14x28x18-SN490,SH-700x350x14x28x18,SN490,5.75,FD,FA,7300,1140,283.7
SH-700x350x14x28x18-HBL-H355,SH-700x350x14x28x18,HBL-H355,5.26,FD,FA,7300,1140,280.3
SH-700x350x14x32x18-SN400,SH-700x350x14x32x18,SN400,9.09,FC,FA,8080,1310,315.8
SH-700x350x14x32x18-SN490,SH-700x350x14x32x18,SN490,6.57,FD,FA,8080,1310,311.7
SH-700x350x16x25x18-SN400,SH-700x350x16x25x18,SN400,7.1,FA,FA,6830,1020,281.8
SH-700x350x16x25x18-SN490,SH-700x350x16x25x18,SN490,5.13,FC,FA,6830,1020,281.8
SH-700x350x16x25x18-HBL-H355,SH-700x350x16x25x18,HBL-H355,4.7,FD,FA,6830,1020,281.8
SH-700x350x16x28x18-SN400,SH-700x350x16x28x18,SN400,7.95,FA,FA,7420,1140,301.8
SH-700x350x16x28x18-SN490,SH-700x350x16x28x18,SN490,5.75,FC,FA,7420,1140,301.8
SH-700x350x16x28x18-HBL-H355,SH-700x350x16x28x18,HBL-H355,5.26,FD,FA,7420,1140,301.8
SH-700x350x16x32x18-SN400,SH-700x350x16x32x18,SN400,9.09,FA,FA,8200,1310,328.5
SH-700x350x16x32x18-SN490,SH-700x350x16x32x18,SN490,6.57,FC,FA,8200,1310,328.5
SH-700x350x16x32x18-HBL-H355,SH-700x350x16x32x18,HBL-H355,6.02,FD,FA,8200,1310,328.5
SH-700x350x16x36x18-SN400,SH-700x350x16x36x18,SN400,10.2,FA,FA,8960,1470,355.3
SH-700x350x16x36x18-SN490,SH-700x350x16x36x18,SN490,7.39,FC,FA,8960,1470,355.3
SH-750x250x12x16x18-SN400,SH-750x250x12x16x18,SN400,3.03,FD,FA,3950,334,156.1
SH-750x250x12x16x18-SN490,SH-750x250x12x16x18,SN490,2.19,FD,FC,3950,334,145.8
SH-750x250x12x19x18-SN400,SH-750x250x12x19x18,SN400,3.6,FD,FA,4440,397,171.1
SH-750x250x12x19x18-SN490,SH-750x250x12x19x18,SN490,2.6,FD,FC,4440,397,160.8
SH-750x250x12x22x18-SN400,SH-750x250x12x22x18,SN400,4.17,FD,FA,4920,459,186.1
SH-750x250x12x22x18-SN490,SH-750x250x12x22x18,SN490,3.01,FD,FC,4920,459,175.8
SH-750x250x12x22x18-HBL-H355,SH-750x250x12x22x18,HBL-H355,2.76,FD,FD,4920,459,173.3
SH-750x250x12x25x18-SN400,SH-750x250x12x25x18,SN400,4.73,FD,FA,5390,522,201.1
SH-750x250x12x25x18-SN490,SH-750x250x12x25x18,SN490,3.42,FD,FC,5390,522,190.8
SH-750x250x14x19x18-SN400,SH-750x250x14x19x18,SN400,3.6,FD,FA,4600,397,196.8
SH-750x250x14x19x18-SN490,SH-750x250x14x19x18,SN490,2.6,FD,FA,4600,397,182.7
SH-750x250x14x22x18-SN400,SH-750x250x14x22x18,SN400,4.17,FD,FA,5070,460,211.6
SH-750x250x14x22x18-SN490,SH-750x250x14x22x18,SN490,3.01,FD,FA,5070,460,197.7
SH-750x250x14x22x18-HBL-H355,SH-750x250x14x22x18,HBL-H355,2.76,FD,FB,5070,460,194.3
SH-750x250x14x25x18-SN400,SH-750x250x14x25x18,SN400,4.73,FD,FA,5540,522,225.8
SH-750x250x14x25x18-SN490,SH-750x250x14x25x18,SN490,3.42,FD,FA,5540,522,212.7
SH-750x250x14x25x18-HBL-H355,SH-750x250x14x25x18,HBL-H355,3.13,FD,FB,5540,522,209.3
SH-750x250x14x28x18-SN400,SH-750x250x14x28x18,SN400,5.3,FD,FA,5990,585,239.9
SH-750x250x14x28x18-SN490,SH-750x250x14x28x18,SN490,3.83,FD,FA,5990,585,227.7
SH-750x300x14x19x18-SN400,SH-750x300x14x19x18,SN400,4.32,FD,FA,5280,571,215.8
SH-750x300x14x19x18-SN490,SH-750x300x14x19x18,SN490,3.12,FD,FB,5280,571,201.7
SH-750x300x14x22x18-SN400,SH-750x300x14x22x18,SN400,5,FD,FA,5850,661,233.6
SH-750x300x14x22x18-SN490,SH-750x300x14x22x18,SN490,3.61,FD,FA,5850,661,219.7
SH-750x300x14x22x18-HBL-H355,SH-750x300x14x22x18,HBL-H355,3.31,FD,FB,5850,661,216.3
SH-750x300x14x25x18-SN400,SH-750x300x14x25x18,SN400,5.68,FD,FA,6410,751,250.8
SH-750x300x14x25x18-SN490,SH-750x300x14x25x18,SN490,4.11,FD,FA,6410,751,237.7
SH-750x300x14x25x18-HBL-H355,SH-750x300x14x25x18,HBL-H355,3.76,FD,FB,6410,751,234.3
SH-750x300x14x28x18-SN400,SH-750x300x14x28x18,SN400,6.36,FD,FA,6970,841,267.9
SH-750x300x14x28x18-SN490,SH-750x300x14x28x18,SN490,4.6,FD,FA,6970,841,255.7
SH-750x300x16x22x18-SN400,SH-750x300x16x22x18,SN400,5,FB,FA,6010,662,247.7
SH-750x300x16x22x18-SN490,SH-750x300x16x22x18,SN490,3.61,FD,FA,6010,662,244.9
SH-750x300x16x22x18-HBL-H355,SH-750x300x16x22x18,HBL-H355,3.31,FD,FA,6010,662,240.4
SH-750x300x16x25x18-SN400,SH-750x300x16x25x18,SN400,5.68,FB,FA,6570,752,264.8
SH-750x300x16x25x18-SN490,SH-750x300x16x25x18,SN490,4.11,FD,FA,6570,752,262.9
SH-750x300x16x25x18-HBL-H355,SH-750x300x16x25x18,HBL-H355,3.76,FD,FA,6570,752,258.4
SH-750x300x16x28x18-SN400,SH-750x300x16x28x18,SN400,6.36,FB,FA,7120,842,281.8
SH-750x300x16x28x18-SN490,SH-750x300x16x28x18,SN490,4.6,FD,FA,7120,842,280.9
SH-750x300x16x28x18-HBL-H355,SH-750x300x16x28x18,HBL-H355,4.21,FD,FA,7120,842,276.4
SH-750x300x16x32x18-SN400,SH-750x300x16x32x18,SN400,7.27,FA,FA,7840,962,304.5
SH-750x300x16x32x18-SN490,SH-750x300x16x32x18,SN490,5.26,FD,FA,7840,962,304.5
SH-750x350x14x22x18-SN400,SH-750x350x14x22x18,SN400,5.83,FD,FA,6630,899,255.6
SH-750x350x14x22x18-SN490,SH-750x350x14x22x18,SN490,4.22,FD,FB,6630,899,241.7
SH-750x350x14x22x18-HBL-H355,SH-750x350x14x22x18,HBL-H355,3.86,FD,FB,6630,899,238.3
SH-750x350x14x25x18-SN400,SH-750x350x14x25x18,SN400,6.63,FD,FA,7290,1020,275.8
SH-750x350x14x25x18-SN490,SH-750x350x14x25x18,SN490,4.79,FD,FA,7290,1020,262.7
SH-750x350x14x25x18-HBL-H355,SH-750x350x14x25x18,HBL-H355,4.39,FD,FB,7290,1020,259.3
SH-750x350x14x28x18-SN400,SH-750x350x14x28x18,SN400,7.42,FD,FA,7940,1140,295.9
SH-750x350x14x28x18-SN490,SH-750x350x14x28x18,SN490,5.37,FD,FA,7940,1140,283.7
SH-750x350x14x28x18-HBL-H355,SH-750x350x14x28x18,HBL-H355,4.91,FD,FB,7940,1140,280.3
SH-750x350x14x32x18-SN400,SH-750x350x14x32x18,SN400,8.48,FD,FA,8790,1310,322.8
SH-750x350x14x32x18-SN490,SH-750x350x14x32x18,SN490,6.13,FD,FA,8790,1310,311.7
SH-750x350x14x32x18-HBL-H355,SH-750x350x14x32x18,HBL-H355,5.62,FD,FB,8790,1310,308.3
SH-750x350x16x25x18-SN400,SH-750x350x16x25x18,SN400,6.63,FB,FA,7440,1020,289.8
SH-750x350x16x25x18-SN490,SH-750x350x16x25x18,SN490,4.79,FD,FA,7440,1020,287.9
SH-750x350x16x25x18-HBL-H355,SH-750x350x16x25x18,HBL-H355,4.39,FD,FA,7440,1020,283.4
SH-750x350x16x28x18-SN400,SH-750x350x16x28x18,SN400,7.42,FB,FA,8090,1140,309.8
SH-750x350x16x28x18-SN490,SH-750x350x16x28x18,SN490,5.37,FD,FA,8090,1140,308.9
SH-750x350x16x28x18-HBL-H355,SH-750x350x16x28x18,HBL-H355,4.91,FD,FA,8090,1140,304.4
SH-750x350x16x32x18-SN400,SH-750x350x16x32x18,SN400,8.48,FA,FA,8940,1310,336.5
SH-750x350x16x32x18-SN490,SH-750x350x16x32x18,SN490,6.13,FD,FA,8940,1310,336.5
SH-750x350x16x32x18-HBL-H355,SH-750x350x16x32x18,HBL-H355,5.62,FD,FA,8940,1310,332.4
SH-750x350x16x36x18-SN400,SH-750x350x16x36x18,SN400,9.54,FA,FA,9760,1470,363.3
SH-750x350x16x36x18-SN490,SH-750x350x16x36x18,SN490,6.9,FD,FA,9760,1470,363.3
SH-750x350x16x36x18-HBL-H355,SH-750x350x16x36x18,HBL-H355,6.32,FD,FA,9760,1470,360.4
SH-800x250x14x22x18-SN400,SH-800x250x14x22x18,SN400,3.91,FD,FA,5520,460,211.8
SH-800x250x14x22x18-SN490,SH-800x250x14x22x18,SN490,2.82,FD,FB,5520,460,197.7
SH-800x250x14x22x18-HBL-H355,SH-800x250x14x22x18,HBL-H355,2.59,FD,FC,5520,460,194.3
SH-800x250x14x25x18-SN400,SH-800x250x14x25x18,SN400,4.44,FD,FA,6020,523,226.8
SH-800x250x14x25x18-SN490,SH-800x250x14x25x18,SN490,3.21,FD,FB,6020,523,212.7
SH-800x250x14x25x18-HBL-H355,SH-800x250x14x25x18,HBL-H355,2.94,FD,FC,6020,523,209.3
SH-800x250x14x28x18-SN400,SH-800x250x14x28x18,SN400,4.97,FD,FA,6510,585,241.8
SH-800x250x14x28x18-SN490,SH-800x250x14x28x18,SN490,3.59,FD,FB,6510,585,227.7
SH-800x250x14x28x18-HBL-H355,SH-800x250x14x28x18,HBL-H355,3.29,FD,FC,6510,585,224.3
SH-800x250x16x22x18-SN400,SH-800x250x16x22x18,SN400,3.91,FC,FA,5700,461,233.7
SH-800x250x16x22x18-SN490,SH-800x250x16x22x18,SN490,2.82,FD,FA,5700,461,222.9
SH-800x250x16x22x18-HBL-H355,SH-800x250x16x22x18,HBL-H355,2.59,FD,FA,5700,461,218.4
SH-800x250x16x25x18-SN400,SH-800x250x16x25x18,SN400,4.44,FC,FA,6200,523,247.8
SH-800x250x16x25x18-SN490,SH-800x250x16x25x18,SN490,3.21,FD,FA,6200,523,237.9
SH-800x250x16x25x18-HBL-H355,SH-800x250x16x25x18,HBL-H355,2.94,FD,FA,6200,523,233.4
SH-800x250x16x28x18-SN400,SH-800x250x16x28x18,SN400,4.97,FC,FA,6680,586,261.8
SH-800x250x16x28x18-SN490,SH-800x250x16x28x18,SN490,3.59,FD,FA,6680,586,252.9
SH-800x250x16x28x18-HBL-H355,SH-800x250x16x28x18,HBL-H355,3.29,FD,FA,6680,586,248.4
SH-800x250x16x32x18-SN400,SH-800x250x16x32x18,SN400,5.68,FC,FA,7320,669,280.5
SH-800x250x16x32x18-SN490,SH-800x250x16x32x18,SN490,4.11,FD,FA,7320,669,272.9
SH-800x250x16x32x18-HBL-H355,SH-800x250x16x32x18,HBL-H355,3.76,FD,FA,7320,669,268.4
SH-800x300x14x22x18-SN400,SH-800x300x14x22x18,SN400,4.69,FD,FA,6350,661,233.8
SH-800x300x14x22x18-SN490,SH-800x300x14x22x18,SN490,3.39,FD,FB,6350,661,219.7
SH-800x300x14x22x18-HBL-H355,SH-800x300x14x22x18,HBL-H355,3.1,FD,FC,6350,661,216.3
SH-800x300x14x25x18-SN400,SH-800x300x14x25x18,SN400,5.33,FD,FA,6960,751,251.8
SH-800x300x14x25x18-SN490,SH-800x300x14x25x18,SN490,3.85,FD,FB,6960,751,237.7
SH-800x300x14x25x18-HBL-H355,SH-800x300x14x25x18,HBL-H355,3.53,FD,FC,6960,751,234.3
SH-800x300x14x28x18-SN400,SH-800x300x14x28x18,SN400,5.96,FD,FA,7560,841,269.8
SH-800x300x14x28x18-SN490,SH-800x300x14x28x18,SN490,4.31,FD,FB,7560,841,255.7
SH-800x300x14x28x18-HBL-H355,SH-800x300x14x28x18,HBL-H355,3.95,FD,FC,7560,841,252.3
SH-800x300x14x32x18-SN400,SH-800x300x14x32x18,SN400,6.82,FD,FA,8340,961,293.8
SH-800x300x14x32x18-SN490,SH-800x300x14x32x18,SN490,4.93,FD,FB,8340,961,279.7
SH-800x300x16x22x18-SN400,SH-800x300x16x22x18,SN400,4.69,FC,FA,6530,662,255.7
SH-800x300x16x22x18-SN490,SH-800x300x16x22x18,SN490,3.39,FD,FA,6530,662,244.9
SH-800x300x16x22x18-HBL-H355,SH-800x300x16x22x18,HBL-H355,3.1,FD,FA,6530,662,240.4
SH-800x300x16x25x18-SN400,SH-800x300x16x25x18,SN400,5.33,FC,FA,7130,752,272.8
SH-800x300x16x25x18-SN490,SH-800x300x16x25x18,SN490,3.85,FD,FA,7130,752,262.9
SH-800x300x16x25x18-HBL-H355,SH-800x300x16x25x18,HBL-H355,3.53,FD,FA,7130,752,258.4
SH-800x300x16x28x18-SN400,SH-800x300x16x28x18,SN400,5.96,FC,FA,7730,842,289.8
SH-800x300x16x28x18-SN490,SH-800x300x16x28x18,SN490,4.31,FD,FA,7730,842,280.9
SH-800x300x16x28x18-HBL-H355,SH-800x300x16x28x18,HBL-H355,3.95,FD,FA,7730,842,276.4
SH-800x300x16x32x18-SN400,SH-800x300x16x32x18,SN400,6.82,FC,FA,8500,962,312.5
SH-800x300x16x32x18-SN490,SH-800x300x16x32x18,SN490,4.93,FD,FA,8500,962,304.9
SH-800x300x16x32x18-HBL-H355,SH-800x300x16x32x18,HBL-H355,4.51,FD,FA,8500,962,300.4
SH-800x300x16x36x18-SN400,SH-800x300x16x36x18,SN400,7.67,FC,FA,9260,1080,335.3
SH-800x300x16x36x18-SN490,SH-800x300x16x36x18,SN490,5.55,FD,FA,9260,1080,328.9
SH-800x350x14x25x18-SN400,SH-800x350x14x25x18,SN400,6.21,FD,FA,7900,1020,276.8
SH-800x350x14x25x18-SN490,SH-800x350x14x25x18,SN490,4.49,FD,FB,7900,1020,262.7
SH-800x350x14x25x18-HBL-H355,SH-800x350x14x25x18,HBL-H355,4.11,FD,FC,7900,1020,259.3
SH-800x350x14x28x18-SN400,SH-800x350x14x28x18,SN400,6.96,FD,FA,8600,1140,297.8
SH-800x350x14x28x18-SN490,SH-800x350x14x28x18,SN490,5.03,FD,FB,8600,1140,283.7
SH-800x350x14x28x18-HBL-H355,SH-800x350x14x28x18,HBL-H355,4.61,FD,FC,8600,1140,280.3
SH-800x350x16x25x18-SN400,SH-800x350x16x25x18,SN400,6.21,FC,FA,8070,1020,297.8
SH-800x350x16x25x18-SN490,SH-800x350x16x25x18,SN490,4.49,FD,FA,8070,1020,287.9
SH-800x350x16x25x18-HBL-H355,SH-800x350x16x25x18,HBL-H355,4.11,FD,FA,8070,1020,283.4
SH-800x350x16x28x18-SN400,SH-800x350x16x28x18,SN400,6.96,FC,FA,8770,1150,317.8
SH-800x350x16x28x18-SN490,SH-800x350x16x28x18,SN490,5.03,FD,FA,8770,1150,308.9
SH-800x350x16x28x18-HBL-H355,SH-800x350x16x28x18,HBL-H355,4.61,FD,FA,8770,1150,304.4
SH-800x350x16x32x18-SN400,SH-800x350x16x32x18,SN400,7.95,FC,FA,9680,1310,344.5
SH-800x350x16x32x18-SN490,SH-800x350x16x32x18,SN490,5.75,FD,FA,9680,1310,336.9
SH-800x350x16x32x18-HBL-H355,SH-800x350x16x32x18,HBL-H355,5.26,FD,FA,9680,1310,332.4
SH-800x350x16x36x18-SN400,SH-800x350x16x36x18,SN400,8.95,FC,FA,10600,1470,371.3
SH-800x350x16x36x18-SN490,SH-800x350x16x36x18,SN490,6.47,FD,FA,10600,1470,364.9
SH-800x350x16x36x18-HBL-H355,SH-800x350x16x36x18,HBL-H355,5.92,FD,FA,10600,1470,360.4
SH-800x350x19x25x18-SN400,SH-800x350x19x25x18,SN400,6.21,FA,FA,8340,1020,320.3
SH-800x350x19x25x18-SN490,SH-800x350x19x25x18,SN490,4.49,FC,FA,8340,1020,320.3
SH-800x350x19x25x18-HBL-H355,SH-800x350x19x25x18,HBL-H355,4.11,FD,FA,8340,1020,320.3
SH-800x350x19x28x18-SN400,SH-800x350x19x28x18,SN400,6.96,FA,FA,9030,1150,340.1
SH-800x350x19x28x18-SN490,SH-800x350x19x28x18,SN490,5.03,FC,FA,9030,1150,340.1
SH-800x350x19x28x18-HBL-H355,SH-800x350x19x28x18,HBL-H355,4.61,FD,FA,9030,1150,340.1
SH-800x350x19x32x18-SN400,SH-800x350x19x32x18,SN400,7.95,FA,FA,9930,1310,366.6
SH-800x350x19x32x18-SN490,SH-800x350x19x32x18,SN490,5.75,FC,FA,9930,1310,366.6
SH-800x350x19x32x18-HBL-H355,SH-800x350x19x32x18,HBL-H355,5.26,FC,FA,9930,1310,366.6
SH-800x350x19x36x18-SN400,SH-800x350x19x36x18,SN400,8.95,FA,FA,10800,1470,393.1
SH-800x350x19x36x18-SN490,SH-800x350x19x36x18,SN490,6.47,FC,FA,10800,1470,393.1
SH-800x350x19x36x18-HBL-H355,SH-800x350x19x36x18,HBL-H355,5.92,FC,FA,10800,1470,393.1
SH-800x350x19x40x18-SN400,SH-800x350x19x40x18,SN400,9.94,FA,FA,11700,1640,419.6
SH-800x350x19x40x18-SN490,SH-800x350x19x40x18,SN490,7.19,FB,FA,11700,1640,419.6
SH-800x350x19x40x18-HBL-H355,SH-800x350x19x40x18,HBL-H355,6.58,FC,FA,11700,1640,419.6
SH-800x400x14x25x18-SN400,SH-800x400x14x25x18,SN400,7.1,FD,FA,8840,1330,301.8
SH-800x400x14x25x18-SN490,SH-800x400x14x25x18,SN490,5.13,FD,FB,8840,1330,287.7
SH-800x400x14x25x18-HBL-H355,SH-800x400x14x25x18,HBL-H355,4.7,FD,FC,8840,1330,284.3
SH-800x400x14x28x18-SN400,SH-800x400x14x28x18,SN400,7.95,FD,FA,9640,1490,325.8
SH-800x400x14x28x18-SN490,SH-800x400x14x28x18,SN490,5.75,FD,FB,9640,1490,311.7
SH-800x400x14x28x18-HBL-H355,SH-800x400x14x28x18,HBL-H355,5.26,FD,FC,9640,1490,308.3
SH-800x400x16x25x18-SN400,SH-800x400x16x25x18,SN400,7.1,FC,FA,9010,1330,322.8
SH-800x400x16x25x18-SN490,SH-800x400x16x25x18,SN490,5.13,FD,FB,9010,1330,312.9
SH-800x400x16x25x18-HBL-H355,SH-800x400x16x25x18,HBL-H355,4.7,FD,FB,9010,1330,308.4
SH-800x400x16x28x18-SN400,SH-800x400x16x28x18,SN400,7.95,FC,FA,9810,1490,345.8
SH-800x400x16x28x18-SN490,SH-800x400x16x28x18,SN490,5.75,FD,FA,9810,1490,336.9
SH-800x400x16x28x18-HBL-H355,SH-800x400x16x28x18,HBL-H355,5.26,FD,FA,9810,1490,332.4
SH-800x400x16x32x18-SN400,SH-800x400x16x32x18,SN400,9.09,FC,FA,10900,1710,376.5
SH-800x400x16x32x18-SN490,SH-800x400x16x32x18,SN490,6.57,FD,FA,10900,1710,368.9
SH-800x400x16x32x18-HBL-H355,SH-800x400x16x32x18,HBL-H355,6.02,FD,FA,10900,1710,364.4
SH-800x400x16x36x18-SN400,SH-800x400x16x36x18,SN400,10.2,FC,FA,11900,1920,407.3
SH-800x400x16x36x18-SN490,SH-800x400x16x36x18,SN490,7.39,FD,FA,11900,1920,400.9
SH-800x400x16x36x18-HBL-H355,SH-800x400x16x36x18,HBL-H355,6.77,FD,FA,11900,1920,396.4
SH-800x400x19x28x18-SN400,SH-800x400x19x28x18,SN400,7.95,FA,FA,10100,1500,368.1
SH-800x400x19x28x18-SN490,SH-800x400x19x28x18,SN490,5.75,FC,FA,10100,1500,368.1
SH-800x400x19x28x18-HBL-H355,SH-800x400x19x28x18,HBL-H355,5.26,FD,FA,10100,1500,368.1
SH-800x400x19x32x18-SN400,SH-800x400x19x32x18,SN400,9.09,FA,FA,11100,1710,398.6
SH-800x400x19x32x18-SN490,SH-800x400x19x32x18,SN490,6.57,FC,FA,11100,1710,398.6
SH-800x400x19x32x18-HBL-H355,SH-800x400x19x32x18,HBL-H355,6.02,FC,FA,11100,1710,398.6
SH-800x400x19x36x18-SN400,SH-800x400x19x36x18,SN400,10.2,FA,FA,12100,1920,429.1
SH-800x400x19x36x18-SN490,SH-800x400x19x36x18,SN490,7.39,FC,FA,12100,1920,429.1
SH-800x400x19x36x18-HBL-H355,SH-800x400x19x36x18,HBL-H355,6.77,FC,FA,12100,1920,429.1
SH-800x400x19x40x18-SN400,SH-800x400x19x40x18,SN400,11.4,FA,FA,13100,2140,459.6
SH-800x400x19x40x18-SN490,SH-800x400x19x40x18,SN490,8.22,FB,FA,13100,2140,459.6
SH-800x400x19x40x18-HBL-H355,SH-800x400x19x40x18,HBL-H355,7.52,FC,FA,13100,2140,459.6
SH-850x250x14x22x18-SN400,SH-850x250x14x22x18,SN400,3.68,FD,FA,5980,460,211.8
SH-850x250x14x22x18-SN490,SH-850x250x14x22x18,SN490,2.66,FD,FC,5980,460,197.7
SH-850x250x14x22x18-HBL-H355,SH-850x250x14x22x18,HBL-H355,2.43,FD,FC,5980,460,194.3
SH-850x250x14x25x18-SN400,SH-850x250x14x25x18,SN400,4.18,FD,FA,6510,523,226.8
SH-850x250x14x25x18-SN490,SH-850x250x14x25x18,SN490,3.02,FD,FC,6510,523,212.7
SH-850x250x14x25x18-HBL-H355,SH-850x250x14x25x18,HBL-H355,2.77,FD,FC,6510,523,209.3
SH-850x250x14x28x18-SN400,SH-850x250x14x28x18,SN400,4.68,FD,FA,7040,585,241.8
SH-850x250x14x28x18-SN490,SH-850x250x14x28x18,SN490,3.38,FD,FC,7040,585,227.7
SH-850x250x14x28x18-HBL-H355,SH-850x250x14x28x18,HBL-H355,3.1,FD,FC,7040,585,224.3
SH-850x250x16x22x18-SN400,SH-850x250x16x22x18,SN400,3.68,FD,FA,6180,461,241.3
SH-850x250x16x22x18-SN490,SH-850x250x16x22x18,SN490,2.66,FD,FA,6180,461,222.9
SH-850x250x16x22x18-HBL-H355,SH-850x250x16x22x18,HBL-H355,2.43,FD,FB,6180,461,218.4
SH-850x250x16x25x18-SN400,SH-850x250x16x25x18,SN400,4.18,FD,FA,6720,523,255.8
SH-850x250x16x25x18-SN490,SH-850x250x16x25x18,SN490,3.02,FD,FA,6720,523,237.9
SH-850x250x16x25x18-HBL-H355,SH-850x250x16x25x18,HBL-H355,2.77,FD,FB,6720,523,233.4
SH-850x250x16x28x18-SN400,SH-850x250x16x28x18,SN400,4.68,FD,FA,7240,586,269.8
SH-850x250x16x28x18-SN490,SH-850x250x16x28x18,SN490,3.38,FD,FA,7240,586,252.9
SH-850x250x16x28x18-HBL-H355,SH-850x250x16x28x18,HBL-H355,3.1,FD,FB,7240,586,248.4
SH-850x250x16x32x18-SN400,SH-850x250x16x32x18,SN400,5.35,FD,FA,7920,669,288.5
SH-850x250x16x32x18-SN490,SH-850x250x16x32x18,SN490,3.87,FD,FA,7920,669,272.9
SH-850x250x16x32x18-HBL-H355,SH-850x250x16x32x18,HBL-H355,3.54,FD,FB,7920,669,268.4
SH-850x300x14x22x18-SN400,SH-850x300x14x22x18,SN400,4.41,FD,FA,6870,661,233.8
SH-850x300x14x22x18-SN490,SH-850x300x14x22x18,SN490,3.19,FD,FC,6870,661,219.7
SH-850x300x14x22x18-HBL-H355,SH-850x300x14x22x18,HBL-H355,2.92,FD,FC,6870,661,216.3
SH-850x300x14x25x18-SN400,SH-850x300x14x25x18,SN400,5.01,FD,FA,7520,751,251.8
SH-850x300x14x25x18-SN490,SH-850x300x14x25x18,SN490,3.62,FD,FC,7520,751,237.7
SH-850x300x14x25x18-HBL-H355,SH-850x300x14x25x18,HBL-H355,3.32,FD,FC,7520,751,234.3
SH-850x300x14x28x18-SN400,SH-850x300x14x28x18,SN400,5.61,FD,FA,8160,841,269.8
SH-850x300x14x28x18-SN490,SH-850x300x14x28x18,SN490,4.06,FD,FC,8160,841,255.7
SH-850x300x14x28x18-HBL-H355,SH-850x300x14x28x18,HBL-H355,3.72,FD,FC,8160,841,252.3
SH-850x300x16x22x18-SN400,SH-850x300x16x22x18,SN400,4.41,FD,FA,7070,662,263.3
SH-850x300x16x22x18-SN490,SH-850x300x16x22x18,SN490,3.19,FD,FA,7070,662,244.9
SH-850x300x16x22x18-HBL-H355,SH-850x300x16x22x18,HBL-H355,2.92,FD,FB,7070,662,240.4
SH-850x300x16x25x18-SN400,SH-850x300x16x25x18,SN400,5.01,FD,FA,7720,752,280.8
SH-850x300x16x25x18-SN490,SH-850x300x16x25x18,SN490,3.62,FD,FA,7720,752,262.9
SH-850x300x16x25x18-HBL-H355,SH-850x300x16x25x18,HBL-H355,3.32,FD,FB,7720,752,258.4
SH-850x300x16x28x18-SN400,SH-850x300x16x28x18,SN400,5.61,FD,FA,8350,842,297.8
SH-850x300x16x28x18-SN490,SH-850x300x16x28x18,SN490,4.06,FD,FA,8350,842,280.9
SH-850x300x16x28x18-HBL-H355,SH-850x300x16x28x18,HBL-H355,3.72,FD,FB,8350,842,276.4
SH-850x300x16x32x18-SN400,SH-850x300x16x32x18,SN400,6.42,FD,FA,9180,962,320.5
SH-850x300x16x32x18-SN490,SH-850x300x16x32x18,SN490,4.64,FD,FA,9180,962,304.9
SH-850x300x16x32x18-HBL-H355,SH-850x300x16x32x18,HBL-H355,4.25,FD,FB,9180,962,300.4
SH-850x350x16x25x18-SN400,SH-850x350x16x25x18,SN400,5.85,FD,FA,8720,1020,305.8
SH-850x350x16x25x18-SN490,SH-850x350x16x25x18,SN490,4.23,FD,FA,8720,1020,287.9
SH-850x350x16x25x18-HBL-H355,SH-850x350x16x25x18,HBL-H355,3.87,FD,FB,8720,1020,283.4
SH-850x350x16x28x18-SN400,SH-850x350x16x28x18,SN400,6.55,FD,FA,9460,1150,325.8
SH-850x350x16x28x18-SN490,SH-850x350x16x28x18,SN490,4.74,FD,FA,9460,1150,308.9
SH-850x350x16x28x18-HBL-H355,SH-850x350x16x28x18,HBL-H355,4.34,FD,FB,9460,1150,304.4
SH-850x350x16x32x18-SN400,SH-850x350x16x32x18,SN400,7.49,FD,FA,10400,1310,352.5
SH-850x350x16x32x18-SN490,SH-850x350x16x32x18,SN490,5.41,FD,FA,10400,1310,336.9
SH-850x350x16x32x18-HBL-H355,SH-850x350x16x32x18,HBL-H355,4.96,FD,FB,10400,1310,332.4
SH-850x350x19x28x18-SN400,SH-850x350x19x28x18,SN400,6.55,FA,FA,9760,1150,349.6
SH-850x350x19x28x18-SN490,SH-850x350x19x28x18,SN490,4.74,FD,FA,9760,1150,349.6
SH-850x350x19x28x18-HBL-H355,SH-850x350x19x28x18,HBL-H355,4.34,FD,FA,9760,1150,346.4
SH-850x350x19x32x18-SN400,SH-850x350x19x32x18,SN400,7.49,FA,FA,10700,1310,376.1
SH-850x350x19x32x18-SN490,SH-850x350x19x32x18,SN490,5.41,FD,FA,10700,1310,376.1
SH-850x350x19x32x18-HBL-H355,SH-850x350x19x32x18,HBL-H355,4.96,FD,FA,10700,1310,374.4
SH-850x350x19x36x18-SN400,SH-850x350x19x36x18,SN400,8.42,FA,FA,11700,1470,402.6
SH-850x350x19x36x18-SN490,SH-850x350x19x36x18,SN490,6.09,FD,FA,11700,1470,402.6
SH-850x350x19x36x18-HBL-H355,SH-850x350x19x36x18,HBL-H355,5.57,FD,FA,11700,1470,402.4
SH-850x350x19x40x18-SN400,SH-850x350x19x40x18,SN400,9.36,FA,FA,12600,1640,429.1
SH-850x350x19x40x18-SN490,SH-850x350x19x40x18,SN490,6.77,FC,FA,12600,1640,429.1
SH-850x400x16x25x18-SN400,SH-850x400x16x25x18,SN400,6.68,FD,FA,9720,1330,330.8
SH-850x400x16x25x18-SN490,SH-850x400x16x25x18,SN490,4.83,FD,FB,9720,1330,312.9
SH-850x400x16x25x18-HBL-H355,SH-850x400x16x25x18,HBL-H355,4.42,FD,FB,9720,1330,308.4
SH-850x400x16x28x18-SN400,SH-850x400x16x28x18,SN400,7.49,FD,FA,10600,1490,353.8
SH-850x400x16x28x18-SN490,SH-850x400x16x28x18,SN490,5.41,FD,FA,10600,1490,336.9
SH-850x400x16x28x18-HBL-H355,SH-850x400x16x28x18,HBL-H355,4.96,FD,FB,10600,1490,332.4
SH-850x400x16x32x18-SN400,SH-850x400x16x32x18,SN400,8.55,FD,FA,11700,1710,384.5
SH-850x400x16x32x18-SN490,SH-850x400x16x32x18,SN490,6.19,FD,FA,11700,1710,368.9
SH-850x400x16x32x18-HBL-H355,SH-850x400x16x32x18,HBL-H355,5.66,FD,FB,11700,1710,364.4
SH-850x400x19x28x18-SN400,SH-850x400x19x28x18,SN400,7.49,FA,FA,10900,1500,377.6
SH-850x400x19x28x18-SN490,SH-850x400x19x28x18,SN490,5.41,FD,FA,10900,1500,377.6
SH-850x400x19x28x18-HBL-H355,SH-850x400x19x28x18,HBL-H355,4.96,FD,FA,10900,1500,374.4
SH-850x400x19x32x18-SN400,SH-850x400x19x32x18,SN400,8.55,FA,FA,12000,1710,408.1
SH-850x400x19x32x18-SN490,SH-850x400x19x32x18,SN490,6.19,FD,FA,12000,1710,408.1
SH-850x400x19x32x18-HBL-H355,SH-850x400x19x32x18,HBL-H355,5.66,FD,FA,12000,1710,406.4
SH-850x400x19x36x18-SN400,SH-850x400x19x36x18,SN400,9.62,FA,FA,13100,1920,438.6
SH-850x400x19x36x18-SN490,SH-850x400x19x36x18,SN490,6.96,FD,FA,13100,1920,438.6
SH-850x400x19x36x18-HBL-H355,SH-850x400x19x36x18,HBL-H355,6.37,FD,FA,13100,1920,438.4
SH-850x400x19x40x18-SN400,SH-850x400x19x40x18,SN400,10.7,FA,FA,14200,2140,469.1
SH-850x400x19x40x18-SN490,SH-850x400x19x40x18,SN490,7.73,FC,FA,14200,2140,469.1
SH-900x250x14x19x18-SN400,SH-900x250x14x19x18,SN400,3,FD,FB,5870,398,196.8
SH-900x250x14x19x18-SN490,SH-900x250x14x19x18,SN490,2.17,FD,FD,5870,398,182.7
SH-900x250x14x22x18-SN400,SH-900x250x14x22x18,SN400,3.47,FD,FB,6450,460,211.8
SH-900x250x14x22x18-SN490,SH-900x250x14x22x18,SN490,2.51,FD,FD,6450,460,197.7
SH-900x250x14x22x18-HBL-H355,SH-900x250x14x22x18,HBL-H355,2.3,FD,FD,6450,460,194.3
SH-900x250x14x25x18-SN400,SH-900x250x14x25x18,SN400,3.95,FD,FB,7020,523,226.8
SH-900x250x14x25x18-SN490,SH-900x250x14x25x18,SN490,2.85,FD,FD,7020,523,212.7
SH-900x250x16x19x18-SN400,SH-900x250x16x19x18,SN400,3,FD,FA,6110,399,226.3
SH-900x250x16x19x18-SN490,SH-900x250x16x19x18,SN490,2.17,FD,FB,6110,399,207.9
SH-900x250x16x22x18-SN400,SH-900x250x16x22x18,SN400,3.47,FD,FA,6680,461,241.3
SH-900x250x16x22x18-SN490,SH-900x250x16x22x18,SN490,2.51,FD,FB,6680,461,222.9
SH-900x250x16x22x18-HBL-H355,SH-900x250x16x22x18,HBL-H355,2.3,FD,FC,6680,461,218.4
SH-900x250x16x25x18-SN400,SH-900x250x16x25x18,SN400,3.95,FD,FA,7250,524,256.3
SH-900x250x16x25x18-SN490,SH-900x250x16x25x18,SN490,2.85,FD,FB,7250,524,237.9
SH-900x250x16x25x18-HBL-H355,SH-900x250x16x25x18,HBL-H355,2.61,FD,FC,7250,524,233.4
SH-900x250x16x28x18-SN400,SH-900x250x16x28x18,SN400,4.42,FD,FA,7810,586,271.3
SH-900x250x16x28x18-SN490,SH-900x250x16x28x18,SN490,3.19,FD,FB,7810,586,252.9
SH-900x300x14x22x18-SN400,SH-900x300x14x22x18,SN400,4.17,FD,FB,7390,662,233.8
SH-900x300x14x22x18-SN490,SH-900x300x14x22x18,SN490,3.01,FD,FD,7390,662,219.7
SH-900x300x14x22x18-HBL-H355,SH-900x300x14x22x18,HBL-H355,2.76,FD,FD,7390,662,216.3
SH-900x300x14x25x18-SN400,SH-900x300x14x25x18,SN400,4.73,FD,FB,8080,752,251.8
SH-900x300x14x25x18-SN490,SH-900x300x14x25x18,SN490,3.42,FD,FD,8080,752,237.7
SH-900x300x16x19x18-SN400,SH-900x300x16x19x18,SN400,3.6,FD,FA,6930,572,245.3
SH-900x300x16x19x18-SN490,SH-900x300x16x19x18,SN490,2.6,FD,FB,6930,572,226.9
SH-900x300x16x22x18-SN400,SH-900x300x16x22x18,SN400,4.17,FD,FA,7620,662,263.3
SH-900x300x16x22x18-SN490,SH-900x300x16x22x18,SN490,3.01,FD,FB,7620,662,244.9
SH-900x300x16x22x18-HBL-H355,SH-900x300x16x22x18,HBL-H355,2.76,FD,FC,7620,662,240.4
SH-900x300x16x25x18-SN400,SH-900x300x16x25x18,SN400,4.73,FD,FA,8310,752,281.3
SH-900x300x16x25x18-SN490,SH-900x300x16x25x18,SN490,3.42,FD,FB,8310,752,262.9
SH-900x300x16x25x18-HBL-H355,SH-900x300x16x25x18,HBL-H355,3.13,FD,FC,8310,752,258.4
SH-900x300x16x28x18-SN400,SH-900x300x16x28x18,SN400,5.3,FD,FA,8990,842,299.3
SH-900x300x16x28x18-SN490,SH-900x300x16x28x18,SN490,3.83,FD,FB,8990,842,280.9
SH-900x300x16x28x18-HBL-H355,SH-900x300x16x28x18,HBL-H355,3.51,FD,FB,8990,842,276.4
SH-900x300x16x32x18-SN400,SH-900x300x16x32x18,SN400,6.06,FD,FA,9880,962,323.3
SH-900x300x16x32x18-SN490,SH-900x300x16x32x18,SN490,4.38,FD,FB,9880,962,304.9
SH-900x300x16x32x18-HBL-H355,SH-900x300x16x32x18,HBL-H355,4.01,FD,FB,9880,962,300.4
SH-900x300x19x22x18-SN400,SH-900x300x19x22x18,SN400,4.17,FC,FA,7970,664,297.4
SH-900x300x19x22x18-SN490,SH-900x300x19x22x18,SN490,3.01,FD,FA,7970,664,288.8
SH-900x300x19x22x18-HBL-H355,SH-900x300x19x22x18,HBL-H355,2.76,FD,FA,7970,664,282.4
SH-900x300x19x25x18-SN400,SH-900x300x19x25x18,SN400,4.73,FB,FA,8650,754,314.3
SH-900x300x19x25x18-SN490,SH-900x300x19x25x18,SN490,3.42,FD,FA,8650,754,306.8
SH-900x300x19x25x18-HBL-H355,SH-900x300x19x25x18,HBL-H355,3.13,FD,FA,8650,754,300.4
SH-900x300x19x28x18-SN400,SH-900x300x19x28x18,SN400,5.3,FB,FA,9320,844,331.1
SH-900x300x19x28x18-SN490,SH-900x300x19x28x18,SN490,3.83,FD,FA,9320,844,324.8
SH-900x300x19x28x18-HBL-H355,SH-900x300x19x28x18,HBL-H355,3.51,FD,FA,9320,844,318.4
SH-900x300x19x32x18-SN400,SH-900x300x19x32x18,SN400,6.06,FB,FA,10200,964,353.6
SH-900x300x19x32x18-SN490,SH-900x300x19x32x18,SN490,4.38,FD,FA,10200,964,348.8
SH-900x300x19x32x18-HBL-H355,SH-900x300x19x32x18,HBL-H355,4.01,FD,FA,10200,964,342.4
SH-900x300x19x36x18-SN400,SH-900x300x19x36x18,SN400,6.82,FB,FA,11100,1080,376.1
SH-900x300x19x36x18-SN490,SH-900x300x19x36x18,SN490,4.93,FD,FA,11100,1080,372.8
SH-900x300x19x36x18-HBL-H355,SH-900x300x19x36x18,HBL-H355,4.51,FD,FA,11100,1080,366.4
SH-900x350x16x25x18-SN400,SH-900x350x16x25x18,SN400,5.52,FD,FA,9370,1020,306.3
SH-900x350x16x25x18-SN490,SH-900x350x16x25x18,SN490,3.99,FD,FB,9370,1020,287.9
SH-900x350x16x25x18-HBL-H355,SH-900x350x16x25x18,HBL-H355,3.66,FD,FC,9370,1020,283.4
SH-900x350x16x28x18-SN400,SH-900x350x16x28x18,SN400,6.19,FD,FA,10200,1150,327.3
SH-900x350x16x28x18-SN490,SH-900x350x16x28x18,SN490,4.47,FD,FB,10200,1150,308.9
SH-900x350x16x28x18-HBL-H355,SH-900x350x16x28x18,HBL-H355,4.09,FD,FB,10200,1150,304.4
SH-900x350x16x32x18-SN400,SH-900x350x16x32x18,SN400,7.07,FD,FA,11200,1310,355.3
SH-900x350x16x32x18-SN490,SH-900x350x16x32x18,SN490,5.11,FD,FB,11200,1310,336.9
SH-900x350x16x32x18-HBL-H355,SH-900x350x16x32x18,HBL-H355,4.68,FD,FB,11200,1310,332.4
SH-900x350x19x25x18-SN400,SH-900x350x19x25x18,SN400,5.52,FB,FA,9720,1020,339.3
SH-900x350x19x25x18-SN490,SH-900x350x19x25x18,SN490,3.99,FD,FA,9720,1020,331.8
SH-900x350x19x25x18-HBL-H355,SH-900x350x19x25x18,HBL-H355,3.66,FD,FA,9720,1020,325.4
SH-900x350x19x28x18-SN400,SH-900x350x19x28x18,SN400,6.19,FB,FA,10500,1150,359.1
SH-900x350x19x28x18-SN490,SH-900x350x19x28x18,SN490,4.47,FD,FA,10500,1150,352.8
SH-900x350x19x28x18-HBL-H355,SH-900x350x19x28x18,HBL-H355,4.09,FD,FA,10500,1150,346.4
SH-900x350x19x32x18-SN400,SH-900x350x19x32x18,SN400,7.07,FB,FA,11500,1310,385.6
SH-900x350x19x32x18-SN490,SH-900x350x19x32x18,SN490,5.11,FD,FA,11500,1310,380.8
SH-900x350x19x32x18-HBL-H355,SH-900x350x19x32x18,HBL-H355,4.68,FD,FA,11500,1310,374.4
SH-900x350x19x36x18-SN400,SH-900x350x19x36x18,SN400,7.95,FB,FA,12600,1470,412.1
SH-900x350x19x36x18-SN490,SH-900x350x19x36x18,SN490,5.75,FD,FA,12600,1470,408.8
SH-900x350x19x36x18-HBL-H355,SH-900x350x19x36x18,HBL-H355,5.26,FD,FA,12600,1470,402.4
SH-900x350x19x40x18-SN400,SH-900x350x19x40x18,SN400,8.84,FB,FA,13600,1640,438.6
SH-900x350x19x40x18-SN490,SH-900x350x19x40x18,SN490,6.39,FD,FA,13600,1640,436.8
SH-900x350x19x40x18-HBL-H355,SH-900x350x19x40x18,HBL-H355,5.85,FD,FA,13600,1640,430.4
SH-900x400x16x25x18-SN400,SH-900x400x16x25x18,SN400,6.31,FD,FA,10400,1340,331.3
SH-900x400x16x25x18-SN490,SH-900x400x16x25x18,SN490,4.56,FD,FB,10400,1340,312.9
SH-900x400x16x25x18-HBL-H355,SH-900x400x16x25x18,HBL-H355,4.18,FD,FC,10400,1340,308.4
SH-900x400x16x28x18-SN400,SH-900x400x16x28x18,SN400,7.07,FD,FA,11400,1490,355.3
SH-900x400x16x28x18-SN490,SH-900x400x16x28x18,SN490,5.11,FD,FB,11400,1490,336.9
SH-900x400x16x28x18-HBL-H355,SH-900x400x16x28x18,HBL-H355,4.68,FD,FB,11400,1490,332.4
SH-900x400x16x32x18-SN400,SH-900x400x16x32x18,SN400,8.08,FD,FA,12600,1710,387.3
SH-900x400x16x32x18-SN490,SH-900x400x16x32x18,SN490,5.84,FD,FB,12600,1710,368.9
SH-900x400x16x32x18-HBL-H355,SH-900x400x16x32x18,HBL-H355,5.35,FD,FB,12600,1710,364.4
SH-900x400x19x28x18-SN400,SH-900x400x19x28x18,SN400,7.07,FB,FA,11700,1500,387.1
SH-900x400x19x28x18-SN490,SH-900x400x19x28x18,SN490,5.11,FD,FA,11700,1500,380.8
SH-900x400x19x28x18-HBL-H355,SH-900x400x19x28x18,HBL-H355,4.68,FD,FA,11700,1500,374.4
SH-900x400x19x32x18-SN400,SH-900x400x19x32x18,SN400,8.08,FB,FA,12900,1710,417.6
SH-900x400x19x32x18-SN490,SH-900x400x19x32x18,SN490,5.84,FD,FA,12900,1710,412.8
SH-900x400x19x32x18-HBL-H355,SH-900x400x19x32x18,HBL-H355,5.35,FD,FA,12900,1710,406.4
SH-900x400x19x36x18-SN400,SH-900x400x19x36x18,SN400,9.09,FB,FA,14100,1920,448.1
SH-900x400x19x36x18-SN490,SH-900x400x19x36x18,SN490,6.57,FD,FA,14100,1920,444.8
SH-900x400x19x36x18-HBL-H355,SH-900x400x19x36x18,HBL-H355,6.02,FD,FA,14100,1920,438.4
SH-900x400x19x40x18-SN400,SH-900x400x19x40x18,SN400,10.1,FB,FA,15200,2140,478.6
SH-900x400x19x40x18-SN490,SH-900x400x19x40x18,SN490,7.3,FD,FA,15200,2140,476.8
SH-900x400x19x40x18-HBL-H355,SH-900x400x19x40x18,HBL-H355,6.69,FD,FA,15200,2140,470.4
SH-950x250x16x22x18-SN400,SH-950x250x16x22x18,SN400,3.29,FD,FA,7190,461,241.3
SH-950x250x16x22x18-SN490,SH-950x250x16x22x18,SN490,2.38,FD,FC,7190,461,222.9
SH-950x250x16x22x18-HBL-H355,SH-950x250x16x22x18,HBL-H355,2.18,FD,FC,7190,461,218.4
SH-950x250x16x25x18-SN400,SH-950x250x16x25x18,SN400,3.74,FD,FA,7790,524,256.3
SH-950x250x16x25x18-SN490,SH-950x250x16x25x18,SN490,2.7,FD,FC,7790,524,237.9
SH-950x250x16x28x18-SN400,SH-950x250x16x28x18,SN400,2.47,FD,FC,7790,524,233.4
SH-950x250x16x28x18-SN490,SH-950x250x16x28x18,SN490,4.19,FD,FA,8390,586,271.3
SH-950x250x16x28x18-HBL-H355,SH-950x250x16x28x18,HBL-H355,3.03,FD,FC,8390,586,252.9
SH-950x250x16x32x18-SN400,SH-950x250x16x32x18,SN400,2.77,FD,FC,8390,586,248.4
SH-950x250x16x32x18-SN490,SH-950x250x16x32x18,SN490,4.78,FD,FA,9160,669,291.3
SH-950x250x16x32x18-HBL-H355,SH-950x250x16x32x18,HBL-H355,3.46,FD,FC,9160,669,272.9
SH-950x250x19x25x18-SN400,SH-950x250x19x25x18,SN400,3.17,FD,FC,9160,669,268.4
SH-950x250x19x25x18-SN490,SH-950x250x19x25x18,SN490,3.74,FC,FA,8180,525,298.8
SH-950x250x19x25x18-HBL-H355,SH-950x250x19x25x18,HBL-H355,2.7,FD,FA,8180,525,281.8
SH-950x250x19x28x18-SN400,SH-950x250x19x28x18,SN400,2.47,FD,FA,8180,525,275.4
SH-950x250x19x28x18-SN490,SH-950x250x19x28x18,SN490,4.19,FC,FA,8760,588,312.6
SH-950x250x19x28x18-HBL-H355,SH-950x250x19x28x18,HBL-H355,3.03,FD,FA,8760,588,296.8
SH-950x250x19x32x18-SN400,SH-950x250x19x32x18,SN400,2.77,FD,FA,8760,588,290.4
SH-950x250x19x32x18-SN490,SH-950x250x19x32x18,SN490,4.78,FC,FA,9530,671,331.1
SH-950x250x19x32x18-HBL-H355,SH-950x250x19x32x18,HBL-H355,3.46,FD,FA,9530,671,316.8
SH-950x250x19x36x18-SN400,SH-950x250x19x36x18,SN400,3.17,FD,FA,9530,671,310.4
SH-950x250x19x36x18-SN490,SH-950x250x19x36x18,SN490,5.38,FC,FA,10300,754,349.6
SH-950x250x19x36x18-HBL-H355,SH-950x250x19x36x18,HBL-H355,3.89,FD,FA,10300,754,336.8
SH-950x250x19x40x18-SN400,SH-950x250x19x40x18,SN400,3.56,FD,FA,10300,754,330.4
SH-950x250x19x40x18-SN490,SH-950x250x19x40x18,SN490,5.98,FC,FA,11000,838,368.1
SH-950x250x19x40x18-HBL-H355,SH-950x250x19x40x18,HBL-H355,4.32,FD,FA,11000,838,356.8
SH-950x300x16x22x18-SN400,SH-950x300x16x22x18,SN400,3.95,FD,FA,8190,662,263.3
SH-950x300x16x22x18-SN490,SH-950x300x16x22x18,SN490,2.85,FD,FC,8190,662,244.9
SH-950x300x16x22x18-HBL-H355,SH-950x300x16x22x18,HBL-H355,2.61,FD,FC,8190,662,240.4
SH-950x300x16x25x18-SN400,SH-950x300x16x25x18,SN400,4.48,FD,FA,8920,752,281.3
SH-950x300x16x25x18-SN490,SH-950x300x16x25x18,SN490,3.24,FD,FC,8920,752,262.9
SH-950x300x16x25x18-HBL-H355,SH-950x300x16x25x18,HBL-H355,2.97,FD,FC,8920,752,258.4
SH-950x300x16x28x18-SN400,SH-950x300x16x28x18,SN400,5.02,FD,FA,9640,842,299.3
SH-950x300x16x28x18-SN490,SH-950x300x16x28x18,SN490,3.63,FD,FC,9640,842,280.9
SH-950x300x16x28x18-HBL-H355,SH-950x300x16x28x18,HBL-H355,3.33,FD,FC,9640,842,276.4
SH-950x300x16x32x18-SN400,SH-950x300x16x32x18,SN400,5.74,FD,FA,10600,962,323.3
SH-950x300x16x32x18-SN490,SH-950x300x16x32x18,SN490,4.15,FD,FC,10600,962,304.9
SH-950x300x16x32x18-HBL-H355,SH-950x300x16x32x18,HBL-H355,3.8,FD,FC,10600,962,300.4
SH-950x300x19x25x18-SN400,SH-950x300x19x25x18,SN400,4.48,FC,FA,9300,754,323.8
SH-950x300x19x25x18-SN490,SH-950x300x19x25x18,SN490,3.24,FD,FA,9300,754,306.8
SH-950x300x19x25x18-HBL-H355,SH-950x300x19x25x18,HBL-H355,2.97,FD,FA,9300,754,300.4
SH-950x300x19x28x18-SN400,SH-950x300x19x28x18,SN400,5.02,FC,FA,10000,844,340.6
SH-950x300x19x28x18-SN490,SH-950x300x19x28x18,SN490,3.63,FD,FA,10000,844,324.8
SH-950x300x19x28x18-HBL-H355,SH-950x300x19x28x18,HBL-H355,3.33,FD,FA,10000,844,318.4
SH-950x300x19x32x18-SN400,SH-950x300x19x32x18,SN400,5.74,FC,FA,11000,964,363.1
SH-950x300x19x32x18-SN490,SH-950x300x19x32x18,SN490,4.15,FD,FA,11000,964,348.8
SH-950x300x19x32x18-HBL-H355,SH-950x300x19x32x18,HBL-H355,3.8,FD,FA,11000,964,342.4
SH-950x300x19x36x18-SN400,SH-950x300x19x36x18,SN400,6.46,FC,FA,11900,1080,385.6
SH-950x300x19x36x18-SN490,SH-950x300x19x36x18,SN490,4.67,FD,FA,11900,1080,372.8
SH-950x300x19x36x18-HBL-H355,SH-950x300x19x36x18,HBL-H355,4.28,FD,FA,11900,1080,366.4
SH-950x300x19x40x18-SN400,SH-950x300x19x40x18,SN400,7.18,FC,FA,12800,1200,408.1
SH-950x300x19x40x18-SN490,SH-950x300x19x40x18,SN490,5.19,FD,FA,12800,1200,396.8
SH-950x350x16x22x18-SN400,SH-950x350x16x22x18,SN400,4.6,FD,FA,9190,900,285.3
SH-950x350x16x22x18-SN490,SH-950x350x16x22x18,SN490,3.33,FD,FC,9190,900,266.9
SH-950x350x16x22x18-HBL-H355,SH-950x350x16x22x18,HBL-H355,3.05,FD,FC,9190,900,262.4
SH-950x350x16x25x18-SN400,SH-950x350x16x25x18,SN400,5.23,FD,FA,10000,1020,306.3
SH-950x350x16x25x18-SN490,SH-950x350x16x25x18,SN490,3.78,FD,FC,10000,1020,287.9
SH-950x350x16x25x18-HBL-H355,SH-950x350x16x25x18,HBL-H355,3.46,FD,FC,10000,1020,283.4
SH-950x350x16x28x18-SN400,SH-950x350x16x28x18,SN400,5.86,FD,FA,10900,1150,327.3
SH-950x350x16x28x18-SN490,SH-950x350x16x28x18,SN490,4.24,FD,FC,10900,1150,308.9
SH-950x350x16x28x18-HBL-H355,SH-950x350x16x28x18,HBL-H355,3.88,FD,FC,10900,1150,304.4
SH-950x350x16x32x18-SN400,SH-950x350x16x32x18,SN400,6.7,FD,FA,12000,1310,355.3
SH-950x350x16x32x18-SN490,SH-950x350x16x32x18,SN490,4.84,FD,FC,12000,1310,336.9
SH-950x350x16x32x18-HBL-H355,SH-950x350x16x32x18,HBL-H355,4.43,FD,FC,12000,1310,332.4
SH-950x350x19x25x18-SN400,SH-950x350x19x25x18,SN400,5.23,FC,FA,10400,1020,348.8
SH-950x350x19x25x18-SN490,SH-950x350x19x25x18,SN490,3.78,FD,FA,10400,1020,331.8
SH-950x350x19x25x18-HBL-H355,SH-950x350x19x25x18,HBL-H355,3.46,FD,FA,10400,1020,325.4
SH-950x350x19x28x18-SN400,SH-950x350x19x28x18,SN400,5.86,FC,FA,11300,1150,368.6
SH-950x350x19x28x18-SN490,SH-950x350x19x28x18,SN490,4.24,FD,FA,11300,1150,352.8
SH-950x350x19x28x18-HBL-H355,SH-950x350x19x28x18,HBL-H355,3.88,FD,FA,11300,1150,346.4
SH-950x350x19x32x18-SN400,SH-950x350x19x32x18,SN400,6.7,FC,FA,12400,1310,395.1
SH-950x350x19x32x18-SN490,SH-950x350x19x32x18,SN490,4.84,FD,FA,12400,1310,380.8
SH-950x350x19x32x18-HBL-H355,SH-950x350x19x32x18,HBL-H355,4.43,FD,FA,12400,1310,374.4
SH-950x350x19x36x18-SN400,SH-950x350x19x36x18,SN400,7.53,FC,FA,13500,1470,421.6
SH-950x350x19x36x18-SN490,SH-950x350x19x36x18,SN490,5.45,FD,FA,13500,1470,408.8
SH-950x350x19x36x18-HBL-H355,SH-950x350x19x36x18,HBL-H355,4.99,FD,FA,13500,1470,402.4
SH-950x350x19x40x18-SN400,SH-950x350x19x40x18,SN400,8.37,FC,FA,14500,1640,448.1
SH-950x350x19x40x18-SN490,SH-950x350x19x40x18,SN490,6.05,FD,FA,14500,1640,436.8
SH-950x400x16x22x18-SN400,SH-950x400x16x22x18,SN400,5.26,FD,FB,10200,1180,307.3
SH-950x400x16x22x18-SN490,SH-950x400x16x22x18,SN490,3.81,FD,FC,10200,1180,288.9
SH-950x400x16x22x18-HBL-H355,SH-950x400x16x22x18,HBL-H355,3.48,FD,FC,10200,1180,284.4
SH-950x400x16x25x18-SN400,SH-950x400x16x25x18,SN400,5.98,FD,FA,11200,1340,331.3
SH-950x400x16x25x18-SN490,SH-950x400x16x25x18,SN490,4.32,FD,FC,11200,1340,312.9
SH-950x400x16x25x18-HBL-H355,SH-950x400x16x25x18,HBL-H355,3.96,FD,FC,11200,1340,308.4
SH-950x400x16x28x18-SN400,SH-950x400x16x28x18,SN400,6.7,FD,FA,12100,1500,355.3
SH-950x400x16x28x18-SN490,SH-950x400x16x28x18,SN490,4.84,FD,FC,12100,1500,336.9
SH-950x400x16x28x18-HBL-H355,SH-950x400x16x28x18,HBL-H355,4.43,FD,FC,12100,1500,332.4
SH-950x400x16x32x18-SN400,SH-950x400x16x32x18,SN400,7.65,FD,FA,13400,1710,387.3
SH-950x400x16x32x18-SN490,SH-950x400x16x32x18,SN490,5.53,FD,FC,13400,1710,368.9
SH-950x400x16x32x18-HBL-H355,SH-950x400x16x32x18,HBL-H355,5.07,FD,FC,13400,1710,364.4
SH-950x400x19x25x18-SN400,SH-950x400x19x25x18,SN400,5.98,FC,FA,11600,1340,373.8
SH-950x400x19x25x18-SN490,SH-950x400x19x25x18,SN490,4.32,FD,FB,11600,1340,356.8
SH-950x400x19x25x18-HBL-H355,SH-950x400x19x25x18,HBL-H355,3.96,FD,FB,11600,1340,350.4
SH-950x400x19x28x18-SN400,SH-950x400x19x28x18,SN400,6.7,FC,FA,12500,1500,396.6
SH-950x400x19x28x18-SN490,SH-950x400x19x28x18,SN490,4.84,FD,FA,12500,1500,380.8
SH-950x400x19x28x18-HBL-H355,SH-950x400x19x28x18,HBL-H355,4.43,FD,FA,12500,1500,374.4
SH-950x400x19x32x18-SN400,SH-950x400x19x32x18,SN400,7.65,FC,FA,13800,1710,427.1
SH-950x400x19x32x18-SN490,SH-950x400x19x32x18,SN490,5.53,FD,FA,13800,1710,412.8
SH-950x400x19x32x18-HBL-H355,SH-950x400x19x32x18,HBL-H355,5.07,FD,FA,13800,1710,406.4
SH-950x400x19x36x18-SN400,SH-950x400x19x36x18,SN400,8.61,FC,FA,15000,1920,457.6
SH-950x400x19x36x18-SN490,SH-950x400x19x36x18,SN490,6.23,FD,FA,15000,1920,444.8
SH-950x400x19x36x18-HBL-H355,SH-950x400x19x36x18,HBL-H355,5.7,FD,FA,15000,1920,438.4
SH-950x400x19x40x18-SN400,SH-950x400x19x40x18,SN400,9.57,FC,FA,16300,2140,488.1
SH-950x400x19x40x18-SN490,SH-950x400x19x40x18,SN490,6.92,FD,FA,16300,2140,476.8
SH-1000x250x16x22x18-SN400,SH-1000x250x16x22x18,SN400,3.12,FD,FA,7720,461,241.3
SH-1000x250x16x22x18-SN490,SH-1000x250x16x22x18,SN490,2.26,FD,FC,7720,461,222.9
SH-1000x250x16x22x18-HBL-H355,SH-1000x250x16x22x18,HBL-H355,2.07,FD,FD,7720,461,218.4
SH-1000x250x16x25x18-SN400,SH-1000x250x16x25x18,SN400,3.55,FD,FA,8350,524,256.3
SH-1000x250x16x25x18-SN490,SH-1000x250x16x25x18,SN490,2.57,FD,FC,8350,524,237.9
SH-1000x250x16x25x18-HBL-H355,SH-1000x250x16x25x18,HBL-H355,2.35,FD,FD,8350,524,233.4
SH-1000x250x16x28x18-SN400,SH-1000x250x16x28x18,SN400,3.98,FD,FA,8980,586,271.3
SH-1000x250x16x28x18-SN490,SH-1000x250x16x28x18,SN490,2.88,FD,FC,8980,586,252.9
SH-1000x250x16x28x18-HBL-H355,SH-1000x250x16x28x18,HBL-H355,2.63,FD,FD,8980,586,248.4
SH-1000x250x16x32x18-SN400,SH-1000x250x16x32x18,SN400,4.54,FD,FA,9810,670,291.3
SH-1000x250x16x32x18-SN490,SH-1000x250x16x32x18,SN490,3.29,FD,FC,9810,670,272.9
SH-1000x250x16x32x18-HBL-H355,SH-1000x250x16x32x18,HBL-H355,3.01,FD,FD,9810,670,268.4
SH-1000x250x19x25x18-SN400,SH-1000x250x19x25x18,SN400,3.55,FD,FA,8780,526,307.7
SH-1000x250x19x25x18-SN490,SH-1000x250x19x25x18,SN490,2.57,FD,FA,8780,526,281.8
SH-1000x250x19x25x18-HBL-H355,SH-1000x250x19x25x18,HBL-H355,2.35,FD,FB,8780,526,275.4
SH-1000x250x19x28x18-SN400,SH-1000x250x19x28x18,SN400,3.98,FD,FA,9400,588,322.1
SH-1000x250x19x28x18-SN490,SH-1000x250x19x28x18,SN490,2.88,FD,FA,9400,588,296.8
SH-1000x250x19x28x18-HBL-H355,SH-1000x250x19x28x18,HBL-H355,2.63,FD,FB,9400,588,290.4
SH-1000x250x19x32x18-SN400,SH-1000x250x19x32x18,SN400,4.54,FD,FA,10200,671,340.6
SH-1000x250x19x32x18-SN490,SH-1000x250x19x32x18,SN490,3.29,FD,FA,10200,671,316.8
SH-1000x250x19x32x18-HBL-H355,SH-1000x250x19x32x18,HBL-H355,3.01,FD,FB,10200,671,310.4
SH-1000x250x19x36x18-SN400,SH-1000x250x19x36x18,SN400,5.11,FD,FA,11000,755,359.1
SH-1000x250x19x36x18-SN490,SH-1000x250x19x36x18,SN490,3.7,FD,FA,11000,755,336.8
SH-1000x250x19x36x18-HBL-H355,SH-1000x250x19x36x18,HBL-H355,3.38,FD,FB,11000,755,330.4
SH-1000x250x19x40x18-SN400,SH-1000x250x19x40x18,SN400,5.68,FD,FA,11800,838,377.6
SH-1000x250x19x40x18-SN490,SH-1000x250x19x40x18,SN490,4.11,FD,FA,11800,838,356.8
SH-1000x300x16x22x18-SN400,SH-1000x300x16x22x18,SN400,3.75,FD,FA,8770,662,263.3
SH-1000x300x16x22x18-SN490,SH-1000x300x16x22x18,SN490,2.71,FD,FC,8770,662,244.9
SH-1000x300x16x22x18-HBL-H355,SH-1000x300x16x22x18,HBL-H355,2.48,FD,FD,8770,662,240.4
SH-1000x300x16x25x18-SN400,SH-1000x300x16x25x18,SN400,4.26,FD,FA,9540,752,281.3
SH-1000x300x16x25x18-SN490,SH-1000x300x16x25x18,SN490,3.08,FD,FC,9540,752,262.9
SH-1000x300x16x25x18-HBL-H355,SH-1000x300x16x25x18,HBL-H355,2.82,FD,FD,9540,752,258.4
SH-1000x300x16x28x18-SN400,SH-1000x300x16x28x18,SN400,4.77,FD,FA,10300,842,299.3
SH-1000x300x16x28x18-SN490,SH-1000x300x16x28x18,SN490,3.45,FD,FC,10300,842,280.9
SH-1000x300x16x28x18-HBL-H355,SH-1000x300x16x28x18,HBL-H355,3.16,FD,FD,10300,842,276.4
SH-1000x300x16x32x18-SN400,SH-1000x300x16x32x18,SN400,5.45,FD,FA,11300,962,323.3
SH-1000x300x16x32x18-SN490,SH-1000x300x16x32x18,SN490,3.94,FD,FC,11300,962,304.9
SH-1000x300x16x32x18-HBL-H355,SH-1000x300x16x32x18,HBL-H355,3.61,FD,FD,11300,962,300.4
SH-1000x300x19x25x18-SN400,SH-1000x300x19x25x18,SN400,4.26,FD,FA,9970,754,332.7
SH-1000x300x19x25x18-SN490,SH-1000x300x19x25x18,SN490,3.08,FD,FA,9970,754,306.8
SH-1000x300x19x25x18-HBL-H355,SH-1000x300x19x25x18,HBL-H355,2.82,FD,FB,9970,754,300.4
SH-1000x300x19x28x18-SN400,SH-1000x300x19x28x18,SN400,4.77,FD,FA,10700,844,350.1
SH-1000x300x19x28x18-SN490,SH-1000x300x19x28x18,SN490,3.45,FD,FA,10700,844,324.8
SH-1000x300x19x28x18-HBL-H355,SH-1000x300x19x28x18,HBL-H355,3.16,FD,FB,10700,844,318.4
SH-1000x300x19x32x18-SN400,SH-1000x300x19x32x18,SN400,5.45,FD,FA,11700,964,372.6
SH-1000x300x19x32x18-SN490,SH-1000x300x19x32x18,SN490,3.94,FD,FA,11700,964,348.8
SH-1000x300x19x32x18-HBL-H355,SH-1000x300x19x32x18,HBL-H355,3.61,FD,FB,11700,964,342.4
SH-1000x300x19x36x18-SN400,SH-1000x300x19x36x18,SN400,6.14,FD,FA,12700,1080,395.1
SH-1000x300x19x36x18-SN490,SH-1000x300x19x36x18,SN490,4.44,FD,FA,12700,1080,372.8
SH-1000x300x19x36x18-HBL-H355,SH-1000x300x19x36x18,HBL-H355,4.06,FD,FB,12700,1080,366.4
SH-1000x300x19x40x18-SN400,SH-1000x300x19x40x18,SN400,6.82,FD,FA,13600,1200,417.6
SH-1000x300x19x40x18-SN490,SH-1000x300x19x40x18,SN490,4.93,FD,FA,13600,1200,396.8
SH-1000x350x16x22x18-SN400,SH-1000x350x16x22x18,SN400,4.37,FD,FA,9820,900,285.3
SH-1000x350x16x22x18-SN490,SH-1000x350x16x22x18,SN490,3.16,FD,FC,9820,900,266.9
SH-1000x350x16x22x18-HBL-H355,SH-1000x350x16x22x18,HBL-H355,2.9,FD,FD,9820,900,262.4
SH-1000x350x16x25x18-SN400,SH-1000x350x16x25x18,SN400,4.97,FD,FA,10700,1020,306.3
SH-1000x350x16x25x18-SN490,SH-1000x350x16x25x18,SN490,3.59,FD,FC,10700,1020,287.9
SH-1000x350x16x25x18-HBL-H355,SH-1000x350x16x25x18,HBL-H355,3.29,FD,FD,10700,1020,283.4
SH-1000x350x16x28x18-SN400,SH-1000x350x16x28x18,SN400,5.57,FD,FA,11600,1150,327.3
SH-1000x350x16x28x18-SN490,SH-1000x350x16x28x18,SN490,4.03,FD,FC,11600,1150,308.9
SH-1000x350x16x28x18-HBL-H355,SH-1000x350x16x28x18,HBL-H355,3.69,FD,FD,11600,1150,304.4
SH-1000x350x16x32x18-SN400,SH-1000x350x16x32x18,SN400,6.36,FD,FA,12800,1310,355.3
SH-1000x350x16x32x18-SN490,SH-1000x350x16x32x18,SN490,4.6,FD,FC,12800,1310,336.9
SH-1000x350x16x32x18-HBL-H355,SH-1000x350x16x32x18,HBL-H355,4.21,FD,FD,12800,1310,332.4
SH-1000x350x19x25x18-SN400,SH-1000x350x19x25x18,SN400,4.97,FD,FA,11200,1020,357.7
SH-1000x350x19x25x18-SN490,SH-1000x350x19x25x18,SN490,3.59,FD,FA,11200,1020,331.8
SH-1000x350x19x25x18-HBL-H355,SH-1000x350x19x25x18,HBL-H355,3.29,FD,FB,11200,1020,325.4
SH-1000x350x19x28x18-SN400,SH-1000x350x19x28x18,SN400,5.57,FD,FA,12000,1150,378.1
SH-1000x350x19x28x18-SN490,SH-1000x350x19x28x18,SN490,4.03,FD,FA,12000,1150,352.8
SH-1000x350x19x28x18-HBL-H355,SH-1000x350x19x28x18,HBL-H355,3.69,FD,FB,12000,1150,346.4
SH-1000x350x19x32x18-SN400,SH-1000x350x19x32x18,SN400,6.36,FD,FA,13200,1310,404.6
SH-1000x350x19x32x18-SN490,SH-1000x350x19x32x18,SN490,4.6,FD,FA,13200,1310,380.8
SH-1000x350x19x32x18-HBL-H355,SH-1000x350x19x32x18,HBL-H355,4.21,FD,FB,13200,1310,374.4
SH-1000x350x19x36x18-SN400,SH-1000x350x19x36x18,SN400,7.16,FD,FA,14400,1470,431.1
SH-1000x350x19x36x18-SN490,SH-1000x350x19x36x18,SN490,5.18,FD,FA,14400,1470,408.8
SH-1000x350x19x36x18-HBL-H355,SH-1000x350x19x36x18,HBL-H355,4.74,FD,FB,14400,1470,402.4
SH-1000x350x19x40x18-SN400,SH-1000x350x19x40x18,SN400,7.95,FD,FA,15500,1640,457.6
SH-1000x350x19x40x18-SN490,SH-1000x350x19x40x18,SN490,5.75,FD,FA,15500,1640,436.8
SH-1000x350x19x40x18-HBL-H355,SH-1000x350x19x40x18,HBL-H355,5.26,FD,FA,15500,1640,430.4
SH-1000x400x16x22x18-SN400,SH-1000x400x16x22x18,SN400,5,FD,FB,10900,1180,307.3
SH-1000x400x16x22x18-SN490,SH-1000x400x16x22x18,SN490,3.61,FD,FC,10900,1180,288.9
SH-1000x400x16x22x18-HBL-H355,SH-1000x400x16x22x18,HBL-H355,3.31,FD,FD,10900,1180,284.4
SH-1000x400x16x25x18-SN400,SH-1000x400x16x25x18,SN400,5.68,FD,FA,11900,1340,331.3
SH-1000x400x16x25x18-SN490,SH-1000x400x16x25x18,SN490,4.11,FD,FC,11900,1340,312.9
SH-1000x400x16x25x18-HBL-H355,SH-1000x400x16x25x18,HBL-H355,3.76,FD,FD,11900,1340,308.4
SH-1000x400x16x28x18-SN400,SH-1000x400x16x28x18,SN400,6.36,FD,FA,12900,1500,355.3
SH-1000x400x16x28x18-SN490,SH-1000x400x16x28x18,SN490,4.6,FD,FC,12900,1500,336.9
SH-1000x400x16x28x18-HBL-H355,SH-1000x400x16x28x18,HBL-H355,4.21,FD,FD,12900,1500,332.4
SH-1000x400x16x32x18-SN400,SH-1000x400x16x32x18,SN400,7.27,FD,FA,14300,1710,387.3
SH-1000x400x16x32x18-SN490,SH-1000x400x16x32x18,SN490,5.26,FD,FC,14300,1710,368.9
SH-1000x400x16x32x18-HBL-H355,SH-1000x400x16x32x18,HBL-H355,4.81,FD,FD,14300,1710,364.4
SH-1000x400x19x25x18-SN400,SH-1000x400x19x25x18,SN400,5.68,FD,FA,12300,1340,382.7
SH-1000x400x19x25x18-SN490,SH-1000x400x19x25x18,SN490,4.11,FD,FB,12300,1340,356.8
SH-1000x400x19x25x18-HBL-H355,SH-1000x400x19x25x18,HBL-H355,3.76,FD,FB,12300,1340,350.4
SH-1000x400x19x28x18-SN400,SH-1000x400x19x28x18,SN400,6.36,FD,FA,13400,1500,406.1
SH-1000x400x19x28x18-SN490,SH-1000x400x19x28x18,SN490,4.6,FD,FA,13400,1500,380.8
SH-1000x400x19x28x18-HBL-H355,SH-1000x400x19x28x18,HBL-H355,4.21,FD,FB,13400,1500,374.4
SH-1000x400x19x32x18-SN400,SH-1000x400x19x32x18,SN400,7.27,FD,FA,14700,1710,436.6
SH-1000x400x19x32x18-SN490,SH-1000x400x19x32x18,SN490,5.26,FD,FA,14700,1710,412.8
SH-1000x400x19x32x18-HBL-H355,SH-1000x400x19x32x18,HBL-H355,4.81,FD,FB,14700,1710,406.4
SH-1000x400x19x36x18-SN400,SH-1000x400x19x36x18,SN400,8.18,FD,FA,16000,1920,467.1
SH-1000x400x19x36x18-SN490,SH-1000x400x19x36x18,SN490,5.92,FD,FA,16000,1920,444.8
SH-1000x400x19x36x18-HBL-H355,SH-1000x400x19x36x18,HBL-H355,5.42,FD,FB,16000,1920,438.4
SH-1000x400x19x40x18-SN400,SH-1000x400x19x40x18,SN400,9.09,FD,FA,17300,2140,497.6
SH-1000x400x19x40x18-SN490,SH-1000x400x19x40x18,SN490,6.57,FD,FA,17300,2140,476.8
SH-1000x400x19x40x18-HBL-H355,SH-1000x400x19x40x18,HBL-H355,6.02,FD,FA,17300,2140,470.4
