*,key,H,B,tw,tf,nF,mF,g1,g2,stfo,spL,stfi,spBi,mW,nW,Pc,stw,stB,stL,My,dZ,Qy,dAw,Mu,αj,Lq,L1,L2
FALSE,H-294x200x8x12,294,200,8,12,3,2,120,ー,9,410,9,80,2,1,120,6,200,170,141,600,240,17.76,271,1.3,1.26,8.08,2.05
FALSE,H-340x250x9x14,340,250,9,14,3,2,150,ー,12,410,12,100,3,1,60,9,200,170,244,1040,293,21.6,455,1.4,1.7,10.3,2.58
FALSE,H-400x200x8x13,400,200,8,13,3,2,120,ー,9,410,9,80,3,1,90,9,260,170,220,939,327,24.16,390,1.2,1.44,7.76,1.63
FALSE,H-390x300x10x16,390,300,10,16,3,2,150,40,12,350,12,110,3,1,90,9,260,170,367,1560,388,28.6,603,1.2,1.99,12.5,3.08
FALSE,H-450x200x9x14,450,200,9,14,3,2,120,ー,12,410,12,80,4,1,60,12,260,170,276,1180,398,29.34,543,1.4,1.49,7.53,1.56
FALSE,H-440x300x11x18,440,300,11,18,4,2,150,40,12,440,12,110,5,1,60,9,320,170,471,2010,423,31.24,849,1.3,2.34,12.34,3.07
FALSE,H-500x200x10x16,500,200,10,16,3,2,120,ー,12,410,12,80,4,1,90,9,350,170,355,1510,504,37.2,670,1.3,1.52,7.42,1.6
FALSE,H-488x300x11x18,488,300,11,18,4,2,150,40,12,440,12,110,5,1,60,12,320,170,536,2280,495,36.52,938,1.2,2.27,12.14,2.77
FALSE,H-600x200x11x17,600,200,11,17,3,2,120,ー,12,410,12,80,7,1,60,9,440,170,483,2060,593,43.78,865,1.2,1.76,7.07,1.42
FALSE,H-588x300x12x20,588,300,12,20,4,2,150,40,12,440,16,110,7,1,60,9,440,170,743,3160,618,45.6,1330,1.3,2.53,11.8,2.56
FALSE,H-700x300x13x24,700,300,13,24,5,2,150,40,19,530,19,110,9,1,60,9,560,170,1080,4610,769,56.68,2100,1.4,2.96,11.62,2.58
FALSE,H-800x300x14x26,800,300,14,26,5,2,150,40,19,530,19,110,10,1,60,12,620,170,1380,5870,964,71.12,2610,1.3,3.02,11.34,2.44
FALSE,H-890x299x15x23,890,299,15,23,5,2,150,40,16,530,19,110,12,1,60,12,740,170,1480,6330,1130,83.4,2830,1.3,2.78,10.55,1.94
FALSE,H-900x300x16x28,900,300,16,28,6,2,150,40,19,620,22,110,12,1,60,12,740,170,1740,7430,1200,88.96,3280,1.3,3.07,10.93,2.34
FALSE,H-912x302x18x34,912,302,18,34,7,2,150,40,25,710,25,110,10,2,60,16,620,290,2080,8870,1470,108.7,4140,1.4,3.01,11.21,2.82
FALSE,H-918x303x19x37,918,303,19,37,7,2,150,40,25,710,28,110,10,2,60,16,620,290,2250,9600,1550,114.8,4350,1.3,3.09,11.34,3.06
FALSE,SH-400x200x9x12,400,200,9,12,3,2,120,ー,9,410,9,80,3,1,90,9,260,170,214,911,371,27.36,394,1.3,1.24,7.45,1.5
FALSE,SH-400x200x9x16,400,200,9,16,3,2,120,ー,12,410,12,80,3,1,90,9,260,170,260,1110,361,26.64,505,1.3,1.55,7.91,2
FALSE,SH-400x200x9x19,400,200,9,19,3,2,120,ー,12,410,16,80,3,1,90,9,260,170,293,1250,354,26.1,568,1.3,1.8,8.16,2.37
FALSE,SH-400x200x9x22,400,200,9,22,3,2,120,ー,16,410,16,80,3,1,90,9,260,170,326,1390,346,25.56,629,1.3,2.05,8.35,2.75
FALSE,SH-400x200x12x16,400,200,12,16,3,2,120,ー,12,410,12,80,4,1,60,12,260,170,274,1170,442,32.64,532,1.3,1.35,7.51,2
FALSE,SH-400x200x12x19,400,200,12,19,3,2,120,ー,12,410,16,80,4,1,60,12,260,170,307,1310,433,31.92,597,1.3,1.55,7.79,2.37
FALSE,SH-400x200x12x22,400,200,12,22,3,2,120,ー,16,410,16,80,4,1,60,12,260,170,339,1440,423,31.2,667,1.3,1.76,8.01,2.75
FALSE,SH-450x200x9x12,450,200,9,12,3,2,120,ー,9,410,9,80,4,1,60,12,260,170,250,1060,402,29.7,450,1.2,1.33,7.26,1.33
FALSE,SH-450x200x9x16,450,200,9,16,3,2,120,ー,12,410,12,80,4,1,60,12,260,170,302,1290,393,28.98,584,1.3,1.66,7.74,1.77
FALSE,SH-450x200x9x19,450,200,9,19,3,2,120,ー,12,410,16,80,4,1,60,12,260,170,341,1450,385,28.44,657,1.3,1.91,8,2.11
FALSE,SH-450x200x9x22,450,200,9,22,3,2,120,ー,16,410,16,80,4,1,60,12,260,170,378,1610,378,27.9,732,1.3,2.17,8.2,2.44
FALSE,SH-450x200x12x16,450,200,12,16,3,2,120,ー,12,410,12,80,4,1,90,9,350,170,322,1370,524,38.64,619,1.3,1.34,7.31,1.77
FALSE,SH-450x200x12x19,450,200,12,19,3,2,120,ー,12,410,16,80,5,1,60,9,320,170,359,1530,475,35.04,692,1.3,1.65,7.6,2.11
FALSE,SH-450x200x12x22,450,200,12,22,3,2,120,ー,16,410,16,80,5,1,60,9,320,170,396,1690,465,34.32,781,1.3,1.86,7.84,2.44
FALSE,SH-450x200x12x25,450,200,12,25,3,2,120,ー,16,410,16,80,5,1,60,9,320,170,431,1840,455,33.6,787,1.2,2.08,8.03,2.77
FALSE,SH-450x250x9x12,450,250,9,12,4,2,150,ー,9,530,9,100,4,1,90,6,350,170,310,1320,402,29.7,600,1.4,1.57,9.51,1.66
FALSE,SH-450x250x9x16,450,250,9,16,3,2,150,ー,12,410,12,100,4,1,60,12,260,170,381,1620,393,28.98,701,1.3,1.98,10.06,2.22
FALSE,SH-450x250x9x19,450,250,9,19,4,2,150,ー,12,530,16,100,4,1,60,12,260,170,433,1850,385,28.44,826,1.4,2.29,10.35,2.63
FALSE,SH-450x250x9x22,450,250,9,22,4,2,150,ー,16,530,16,100,4,1,60,12,260,170,483,2060,378,27.9,920,1.4,2.62,10.58,3.05
FALSE,SH-450x250x12x16,450,250,12,16,3,2,150,ー,12,410,12,100,4,1,90,9,350,170,400,1710,524,38.64,735,1.3,1.57,9.57,2.22
FALSE,SH-450x250x12x19,450,250,12,19,3,2,150,ー,12,410,16,100,5,1,60,9,320,170,451,1920,475,35.04,855,1.4,1.96,9.9,2.63
FALSE,SH-450x250x12x22,450,250,12,22,4,2,150,ー,16,530,16,100,5,1,60,9,320,170,501,2130,465,34.32,970,1.4,2.22,10.17,3.05
FALSE,SH-450x250x12x25,450,250,12,25,4,2,150,ー,16,530,19,100,5,1,60,9,320,170,549,2340,455,33.6,1060,1.4,2.5,10.39,3.47
TRUE,SH-450x250x12x28,450,250,12,28,5,2,150,ー,19,650,19,100,5,1,60,9,320,170,596,2540,446,32.88,1150,1.4,2.78,10.57,3.88
FALSE,SH-500x200x9x12,500,200,9,12,3,2,120,ー,9,410,9,80,4,1,90,9,350,170,287,1220,464,34.2,515,1.2,1.33,7.08,1.2
FALSE,SH-500x200x9x16,500,200,9,16,3,2,120,ー,12,410,12,80,4,1,90,9,350,170,347,1480,454,33.48,665,1.3,1.64,7.57,1.6
FALSE,SH-500x200x9x19,500,200,9,19,3,2,120,ー,12,410,16,80,4,1,90,9,350,170,390,1660,446,32.94,747,1.3,1.89,7.84,1.9
FALSE,SH-500x200x9x22,500,200,9,22,3,2,120,ー,16,410,16,80,4,1,90,9,350,170,433,1840,439,32.4,839,1.3,2.13,8.06,2.2
FALSE,SH-500x200x12x16,500,200,12,16,3,2,120,ー,12,410,16,80,6,1,60,9,380,170,371,1580,527,38.88,747,1.4,1.53,7.13,1.6
FALSE,SH-500x200x12x19,500,200,12,19,3,2,120,ー,12,410,16,80,5,1,60,12,320,170,413,1760,556,41.04,764,1.3,1.62,7.43,1.9
FALSE,SH-500x200x12x22,500,200,12,22,3,2,120,ー,16,410,16,80,5,1,60,12,320,170,455,1940,547,40.32,876,1.3,1.82,7.67,2.2
FALSE,SH-500x200x12x25,500,200,12,25,3,2,120,ー,16,410,16,80,5,1,60,12,320,170,495,2110,537,39.6,871,1.2,2.02,7.88,2.5
FALSE,SH-500x250x9x12,500,250,9,12,4,2,150,ー,9,530,9,100,4,1,90,9,350,170,354,1510,464,34.2,673,1.4,1.56,9.31,1.5
FALSE,SH-500x250x9x16,500,250,9,16,3,2,150,ー,12,410,12,100,4,1,90,9,350,170,435,1850,454,33.48,795,1.3,1.95,9.87,2
FALSE,SH-500x250x9x19,500,250,9,19,4,2,150,ー,12,530,16,100,4,1,90,9,350,170,494,2100,446,32.94,943,1.4,2.25,10.18,2.37
FALSE,SH-500x250x9x22,500,250,9,22,4,2,150,ー,16,530,16,100,4,1,90,9,350,170,551,2350,439,32.4,1040,1.4,2.56,10.42,2.75
FALSE,SH-500x250x12x16,500,250,12,16,3,2,150,ー,12,410,12,100,6,1,60,9,380,170,459,1960,527,38.88,847,1.3,1.79,9.36,2
FALSE,SH-500x250x12x19,500,250,12,19,4,2,150,ー,12,530,16,100,5,1,60,12,320,170,517,2200,556,41.04,1000,1.4,1.91,9.71,2.37
FALSE,SH-500x250x12x22,500,250,12,22,4,2,150,ー,16,530,16,100,5,1,60,12,320,170,573,2440,547,40.32,1110,1.4,2.16,9.98,2.75
FALSE,SH-500x250x12x25,500,250,12,25,4,2,150,ー,16,530,19,100,5,1,60,12,320,170,628,2670,537,39.6,1210,1.4,2.42,10.21,3.12
FALSE,SH-500x250x12x28,500,250,12,28,5,2,150,ー,19,650,19,100,5,1,60,12,320,170,681,2900,527,38.88,1310,1.4,2.68,10.4,3.5
FALSE,SH-500x300x9x16,500,300,9,16,4,2,150,40,12,440,12,110,4,1,90,9,350,170,491,2090,454,33.48,935,1.4,2.26,12.21,2.4
FALSE,SH-500x300x9x19,500,300,9,19,4,2,150,40,12,440,16,110,4,1,90,9,350,170,560,2380,446,32.94,1060,1.3,2.62,12.54,2.85
FALSE,SH-500x300x12x16,500,300,12,16,4,2,150,40,12,440,12,110,6,1,60,9,380,170,516,2200,527,38.88,1000,1.4,2.06,11.64,2.4
FALSE,SH-500x300x12x19,500,300,12,19,4,2,150,40,12,440,16,110,5,1,60,12,320,170,583,2480,556,41.04,1080,1.3,2.21,12.03,2.85
FALSE,SH-500x300x12x22,500,300,12,22,4,2,150,40,16,440,16,110,5,1,60,12,320,170,649,2760,547,40.32,1240,1.3,2.51,12.33,3.3
FALSE,SH-500x300x12x25,500,300,12,25,5,2,150,40,16,530,16,110,5,1,60,12,320,170,713,3040,537,39.6,1240,1.2,2.81,12.58,3.75
FALSE,SH-500x300x12x28,500,300,12,28,5,2,150,40,19,530,19,110,5,1,60,12,320,170,775,3300,527,38.88,1460,1.3,3.13,12.79,4.2
FALSE,SH-500x300x14x19,500,300,14,19,4,2,150,40,12,440,16,110,6,1,60,12,380,170,598,2550,604,44.52,1130,1.3,2.1,11.72,2.85
FALSE,SH-500x300x14x22,500,300,14,22,4,2,150,40,16,440,16,110,3,2,120,12,320,290,664,2830,729,53.76,1280,1.4,1.93,12.04,3.3
FALSE,SH-500x300x14x25,500,300,14,25,5,2,150,40,16,530,19,110,3,2,120,12,320,290,727,3100,718,52.92,1370,1.3,2.16,12.31,3.75
FALSE,SH-500x300x14x28,500,300,14,28,5,2,150,40,19,530,19,110,3,2,120,12,320,290,789,3360,706,52.08,1490,1.3,2.39,12.54,4.2
FALSE,SH-500x300x16x19,500,300,16,19,4,2,150,40,12,440,16,110,6,1,60,12,380,170,614,2610,690,50.88,1150,1.3,1.89,11.43,2.85
FALSE,SH-500x300x16x22,500,300,16,22,4,2,150,40,16,440,16,110,6,1,60,12,380,170,678,2890,677,49.92,1320,1.4,2.14,11.78,3.3
FALSE,SH-500x300x16x25,500,300,16,25,5,2,150,40,16,530,19,110,4,2,90,12,350,290,741,3160,768,56.64,1440,1.4,2.06,12.07,3.75
FALSE,SH-500x300x16x28,500,300,16,28,5,2,150,40,19,530,19,110,4,2,90,12,350,290,803,3420,755,55.68,1560,1.3,2.28,12.31,4.2
FALSE,SH-500x300x16x32,500,300,16,32,6,2,150,40,22,620,22,110,4,2,90,12,350,290,882,3750,738,54.4,1710,1.3,2.58,12.58,4.8
FALSE,SH-550x200x9x12,550,200,9,12,3,2,120,ー,9,410,9,80,4,1,120,6,440,170,327,1390,525,38.7,580,1.2,1.34,6.92,1.09
FALSE,SH-550x200x9x16,550,200,9,16,3,2,120,ー,12,410,12,80,4,1,120,6,440,170,393,1670,515,37.98,745,1.3,1.64,7.42,1.45
FALSE,SH-550x200x9x19,550,200,9,19,3,2,120,ー,12,410,16,80,4,1,120,6,440,170,442,1880,507,37.44,837,1.3,1.87,7.7,1.72
TRUE,SH-550x200x9x22,550,200,9,22,3,2,120,ー,16,410,16,80,4,1,120,6,440,170,489,2080,500,36.9,951,1.3,2.11,7.92,2
FALSE,SH-550x200x12x16,550,200,12,16,3,2,120,ー,12,410,16,80,5,1,90,9,440,170,423,1800,647,47.76,856,1.4,1.42,6.96,1.45
FALSE,SH-550x200x12x19,550,200,12,19,3,2,120,ー,12,410,16,80,6,1,60,12,380,170,470,2000,599,44.16,871,1.3,1.71,7.27,1.72
FALSE,SH-550x200x12x22,550,200,12,22,3,2,120,ー,16,410,16,80,6,1,60,12,380,170,517,2200,589,43.44,995,1.3,1.91,7.52,2
FALSE,SH-550x200x12x25,550,200,12,25,3,2,120,ー,16,410,16,80,6,1,60,12,380,170,562,2390,579,42.72,990,1.2,2.12,7.73,2.27
FALSE,SH-550x250x9x12,550,250,9,12,4,2,150,ー,9,530,9,100,4,1,120,6,440,170,401,1710,525,38.7,754,1.4,1.56,9.11,1.36
FALSE,SH-550x250x9x16,550,250,9,16,3,2,150,ー,12,410,12,100,4,1,120,6,440,170,491,2090,515,37.98,889,1.3,1.94,9.7,1.81
FALSE,SH-550x250x9x19,550,250,9,19,4,2,150,ー,12,530,16,100,4,1,120,6,440,170,556,2370,507,37.44,1060,1.4,2.23,10.02,2.15
TRUE,SH-550x250x9x22,550,250,9,22,4,2,150,ー,16,530,16,100,4,1,120,6,440,170,620,2640,500,36.9,1180,1.4,2.53,10.27,2.5
FALSE,SH-550x250x12x16,550,250,12,16,3,2,150,ー,12,410,12,100,6,1,60,12,380,170,520,2220,608,44.88,923,1.3,1.76,9.16,1.81
FALSE,SH-550x250x12x19,550,250,12,19,4,2,150,ー,12,530,16,100,5,1,90,9,440,170,585,2490,638,47.04,1130,1.4,1.89,9.52,2.15
FALSE,SH-550x250x12x22,550,250,12,22,4,2,150,ー,16,530,16,100,6,1,60,12,380,170,648,2760,589,43.44,1260,1.4,2.26,9.81,2.5
FALSE,SH-550x250x12x25,550,250,12,25,4,2,150,ー,16,530,19,100,6,1,60,12,380,170,709,3020,579,42.72,1370,1.4,2.52,10.05,2.84
FALSE,SH-550x250x12x28,550,250,12,28,5,2,150,ー,19,650,19,100,6,1,60,12,380,170,769,3270,569,42,1480,1.4,2.79,10.25,3.18
FALSE,SH-550x300x9x16,550,300,9,16,4,2,150,40,12,440,12,110,4,1,120,6,440,170,553,2360,515,37.98,1050,1.4,2.24,12.02,2.18
FALSE,SH-550x300x9x19,550,300,9,19,4,2,150,40,12,440,16,110,4,1,120,6,440,170,629,2680,507,37.44,1180,1.3,2.59,12.37,2.59
FALSE,SH-550x300x12x16,550,300,12,16,4,2,150,40,12,440,12,110,5,1,90,9,440,170,583,2480,647,47.76,1090,1.3,1.89,11.42,2.18
FALSE,SH-550x300x12x19,550,300,12,19,4,2,150,40,12,440,16,110,5,1,90,9,440,170,658,2800,638,47.04,1220,1.3,2.17,11.82,2.59
FALSE,SH-550x300x12x22,550,300,12,22,4,2,150,40,16,440,16,110,6,1,60,12,380,170,732,3120,589,43.44,1400,1.4,2.62,12.14,3
FALSE,SH-550x300x12x25,550,300,12,25,5,2,150,40,16,530,16,110,6,1,60,12,380,170,803,3420,579,42.72,1400,1.2,2.93,12.4,3.4
FALSE,SH-550x300x12x28,550,300,12,28,5,2,150,40,19,530,19,110,6,1,60,9,380,170,873,3720,569,42,1640,1.3,3.25,12.62,3.81
FALSE,SH-550x300x14x19,550,300,14,19,4,2,150,40,12,440,16,110,4,2,120,9,440,290,677,2880,790,58.24,1320,1.4,1.81,11.49,2.59
FALSE,SH-550x300x14x22,550,300,14,22,4,2,150,40,16,440,16,110,6,1,60,12,380,170,750,3190,687,50.68,1430,1.3,2.31,11.84,3
FALSE,SH-550x300x14x25,550,300,14,25,5,2,150,40,16,530,19,110,6,1,60,12,380,170,821,3500,676,49.84,1520,1.3,2.58,12.12,3.4
FALSE,SH-550x300x14x28,550,300,14,28,5,2,150,40,19,530,19,110,6,1,60,12,380,170,891,3790,664,49,1660,1.3,2.85,12.35,3.81
FALSE,SH-550x300x16x22,550,300,16,22,4,2,150,40,16,440,16,110,4,2,90,16,350,290,768,3270,890,65.6,1490,1.4,1.84,11.56,3
FALSE,SH-550x300x16x25,550,300,16,25,5,2,150,40,16,530,19,110,4,2,90,16,350,290,839,3570,877,64.64,1580,1.3,2.04,11.86,3.4
FALSE,SH-550x300x16x28,550,300,16,28,5,2,150,40,19,530,19,110,4,2,90,16,350,290,908,3870,863,63.68,1720,1.3,2.25,12.11,3.81
FALSE,SH-600x200x9x12,600,200,9,12,3,2,120,ー,9,410,12,80,5,1,90,9,440,170,368,1570,556,41.04,715,1.3,1.42,6.76,1
FALSE,SH-600x200x9x16,600,200,9,16,3,2,120,ー,12,410,12,80,5,1,90,9,440,170,441,1880,547,40.32,817,1.3,1.73,7.27,1.33
TRUE,SH-600x200x9x19,600,200,9,19,3,2,120,ー,16,410,16,80,5,1,90,9,440,170,495,2110,539,39.78,971,1.4,1.97,7.56,1.58
FALSE,SH-600x200x9x22,600,200,9,22,3,2,120,ー,16,410,16,80,5,1,90,9,440,170,547,2330,532,39.24,1050,1.3,2.22,7.8,1.83
FALSE,SH-600x200x12x16,600,200,12,16,3,2,120,ー,12,410,12,80,7,1,60,9,440,170,477,2030,651,48,878,1.3,1.59,6.8,1.33
FALSE,SH-600x200x12x19,600,200,12,19,3,2,120,ー,16,410,16,80,7,1,60,9,440,170,529,2250,641,47.28,1060,1.4,1.79,7.12,1.58
FALSE,SH-600x200x12x22,600,200,12,22,3,2,120,ー,16,410,16,80,7,1,60,9,440,170,581,2470,631,46.56,1110,1.3,2,7.37,1.83
FALSE,SH-600x200x12x25,600,200,12,25,4,2,120,ー,16,530,19,80,7,1,60,9,440,170,631,2690,621,45.84,1180,1.3,2.21,7.59,2.08
FALSE,SH-600x200x12x28,600,200,12,28,4,2,120,ー,19,530,19,80,7,1,60,9,440,170,680,2890,612,45.12,1280,1.3,2.43,7.77,2.33
FALSE,SH-600x250x9x16,600,250,9,16,3,2,150,ー,12,410,12,100,5,1,90,9,440,170,548,2330,547,40.32,974,1.3,2.04,9.53,1.66
FALSE,SH-600x250x9x19,600,250,9,19,4,2,150,ー,12,530,16,100,5,1,90,9,440,170,620,2640,539,39.78,1190,1.4,2.34,9.86,1.97
FALSE,SH-600x250x12x16,600,250,12,16,4,2,150,ー,12,530,12,100,7,1,60,9,440,170,584,2490,651,48,1130,1.4,1.85,8.98,1.66
FALSE,SH-600x250x12x19,600,250,12,19,4,2,150,ー,12,530,16,100,7,1,60,9,440,170,655,2790,641,47.28,1260,1.4,2.1,9.34,1.97
FALSE,SH-600x250x12x22,600,250,12,22,4,2,150,ー,16,530,16,100,7,1,60,9,440,170,725,3090,631,46.56,1410,1.4,2.36,9.64,2.29
FALSE,SH-600x250x12x25,600,250,12,25,4,2,150,ー,16,530,19,100,7,1,60,9,440,170,793,3370,621,45.84,1540,1.4,2.63,9.89,2.6
FALSE,SH-600x250x12x28,600,250,12,28,5,2,150,ー,19,650,19,100,7,1,60,9,440,170,859,3660,612,45.12,1660,1.4,2.9,10.1,2.91
FALSE,SH-600x250x14x19,600,250,14,19,4,2,150,ー,12,530,16,100,7,1,60,12,440,170,678,2890,748,55.16,1280,1.4,1.88,9.04,1.97
FALSE,SH-600x250x14x22,600,250,14,22,4,2,150,ー,16,530,16,100,7,1,60,12,440,170,747,3180,736,54.32,1470,1.4,2.1,9.36,2.29
FALSE,SH-600x250x14x25,600,250,14,25,4,2,150,ー,16,530,19,100,7,1,60,12,440,170,814,3470,725,53.48,1560,1.4,2.33,9.62,2.6
FALSE,SH-600x250x14x28,600,250,14,28,5,2,150,ー,19,650,19,100,7,1,60,12,440,170,880,3750,714,52.64,1700,1.4,2.56,9.85,2.91
FALSE,SH-600x250x16x22,600,250,16,22,4,2,150,ー,16,530,16,100,4,2,120,12,440,290,769,3280,998,73.6,1530,1.4,1.61,9.1,2.29
FALSE,SH-600x250x16x25,600,250,16,25,4,2,150,ー,16,530,19,100,4,2,120,12,440,290,836,3560,985,72.64,1650,1.4,1.77,9.38,2.6
FALSE,SH-600x250x16x28,600,250,16,28,5,2,150,ー,19,650,19,100,4,2,120,12,440,290,901,3840,972,71.68,1780,1.4,1.93,9.61,2.91
FALSE,SH-600x250x16x32,600,250,16,32,5,2,150,ー,19,650,22,100,4,2,120,12,440,290,986,4200,955,70.4,1870,1.3,2.16,9.88,3.33
FALSE,SH-600x300x9x19,600,300,9,19,4,2,150,40,12,440,16,110,5,1,90,9,440,170,701,2980,539,39.78,1300,1.3,2.71,12.2,2.37
FALSE,SH-600x300x12x16,600,300,12,16,4,2,150,40,12,440,12,110,7,1,60,9,440,170,652,2780,651,48,1220,1.3,2.11,11.21,2
FALSE,SH-600x300x12x19,600,300,12,19,4,2,150,40,12,440,16,110,7,1,60,9,440,170,735,3130,641,47.28,1360,1.3,2.41,11.62,2.37
FALSE,SH-600x300x12x22,600,300,12,22,5,2,150,40,16,530,19,110,7,1,60,9,440,170,817,3480,631,46.56,1570,1.4,2.72,11.96,2.75
FALSE,SH-600x300x12x25,600,300,12,25,5,2,150,40,19,530,19,110,7,1,60,9,440,170,896,3820,621,45.84,1720,1.4,3.04,12.23,3.12
FALSE,SH-600x300x12x28,600,300,12,28,6,2,150,40,19,620,22,110,7,1,60,9,440,170,974,4150,612,45.12,1860,1.3,3.37,12.45,3.5
FALSE,SH-600x300x14x19,600,300,14,19,4,2,150,40,12,440,16,110,7,1,60,12,440,170,759,3230,748,55.16,1380,1.3,2.14,11.29,2.37
FALSE,SH-600x300x14x22,600,300,14,22,4,2,150,40,16,440,16,110,7,1,60,12,440,170,839,3570,736,54.32,1590,1.3,2.41,11.64,2.75
FALSE,SH-600x300x14x25,600,300,14,25,5,2,150,40,16,530,19,110,7,1,60,12,440,170,918,3910,725,53.48,1690,1.3,2.68,11.93,3.12
FALSE,SH-600x300x14x28,600,300,14,28,5,2,150,40,19,530,19,110,7,1,60,12,440,170,995,4240,714,52.64,1840,1.3,2.96,12.18,3.5
FALSE,SH-600x300x14x32,600,300,14,32,6,2,150,40,22,620,22,110,4,2,120,9,440,290,1090,4660,835,61.6,2110,1.3,2.8,12.45,4
FALSE,SH-600x300x16x22,600,300,16,22,4,2,150,40,16,440,16,110,4,2,120,12,440,290,862,3670,998,73.6,1680,1.4,1.84,11.35,2.75
FALSE,SH-600x300x16x25,600,300,16,25,5,2,150,40,16,530,19,110,4,2,120,12,440,290,940,4000,985,72.64,1770,1.3,2.03,11.66,3.12
FALSE,SH-600x300x16x28,600,300,16,28,6,2,150,40,19,620,22,110,4,2,120,12,440,290,1010,4330,972,71.68,1980,1.4,2.23,11.92,3.5
FALSE,SH-600x300x16x32,600,300,16,32,6,2,150,40,22,620,22,110,4,2,120,12,440,290,1110,4750,955,70.4,2170,1.3,2.5,12.21,4
FALSE,SH-650x200x9x12,650,200,9,12,3,2,120,ー,9,410,12,80,6,1,90,6,530,170,411,1750,588,43.38,808,1.4,1.5,6.62,0.92
FALSE,SH-650x200x9x16,650,200,9,16,3,2,120,ー,12,410,12,80,6,1,90,6,530,170,491,2090,578,42.66,920,1.3,1.82,7.14,1.23
FALSE,SH-650x200x9x19,650,200,9,19,3,2,120,ー,16,410,16,80,6,1,90,6,530,170,549,2340,571,42.12,1080,1.4,2.07,7.43,1.46
FALSE,SH-650x200x9x22,650,200,9,22,3,2,120,ー,16,410,16,80,6,1,90,6,530,170,607,2580,564,41.58,1170,1.3,2.32,7.67,1.69
FALSE,SH-650x200x12x16,650,200,12,16,3,2,120,ー,12,410,16,80,6,1,90,9,530,170,533,2270,771,56.88,1070,1.4,1.5,6.66,1.23
FALSE,SH-650x200x12x19,650,200,12,19,3,2,120,ー,16,410,16,80,7,1,60,12,440,170,591,2520,722,53.28,1190,1.4,1.78,6.97,1.46
FALSE,SH-650x200x12x22,650,200,12,22,3,2,120,ー,16,410,16,80,7,1,60,12,440,170,647,2750,713,52.56,1190,1.3,1.97,7.24,1.69
FALSE,SH-650x200x12x25,650,200,12,25,4,2,120,ー,16,530,19,80,7,1,60,12,440,170,702,2990,703,51.84,1270,1.2,2.17,7.46,1.92
FALSE,SH-650x200x12x28,650,200,12,28,4,2,120,ー,19,530,19,80,7,1,60,12,440,170,756,3220,693,51.12,1380,1.2,2.38,7.65,2.15
FALSE,SH-650x250x9x16,650,250,9,16,4,2,150,ー,12,530,12,100,5,1,90,9,440,170,607,2590,608,44.82,1150,1.4,2.04,9.37,1.53
FALSE,SH-650x250x12x16,650,250,12,16,4,2,150,ー,12,530,12,100,7,1,60,12,440,170,650,2770,732,54,1210,1.3,1.83,8.8,1.53
FALSE,SH-650x250x12x19,650,250,12,19,4,2,150,ー,12,530,16,100,7,1,60,12,440,170,728,3100,722,53.28,1360,1.3,2.07,9.18,1.82
FALSE,SH-650x250x12x22,650,250,12,22,4,2,150,ー,16,530,16,100,7,1,60,12,440,170,804,3420,713,52.56,1560,1.4,2.32,9.48,2.11
FALSE,SH-650x250x12x25,650,250,12,25,4,2,150,ー,16,530,19,100,7,1,60,12,440,170,879,3740,703,51.84,1660,1.4,2.57,9.74,2.4
FALSE,SH-650x250x12x28,650,250,12,28,5,2,150,ー,19,650,19,100,7,1,60,12,440,170,952,4050,693,51.12,1810,1.4,2.83,9.95,2.69
FALSE,SH-650x250x14x19,650,250,14,19,4,2,150,ー,12,530,16,100,8,1,60,12,500,170,755,3220,797,58.8,1440,1.4,1.96,8.87,1.82
FALSE,SH-650x250x14x22,650,250,14,22,4,2,150,ー,16,530,16,100,8,1,60,12,500,170,831,3540,786,57.96,1630,1.4,2.19,9.19,2.11
FALSE,SH-650x250x14x25,650,250,14,25,4,2,150,ー,16,530,19,100,8,1,60,12,500,170,905,3850,774,57.12,1740,1.4,2.42,9.46,2.4
FALSE,SH-650x250x14x28,650,250,14,28,5,2,150,ー,19,650,19,100,4,2,120,12,440,290,977,4160,945,69.72,1880,1.4,2.14,9.69,2.69
FALSE,SH-650x250x16x22,650,250,16,22,4,2,150,ー,16,530,19,100,8,1,60,12,500,170,857,3650,898,66.24,1720,1.4,1.99,8.93,2.11
FALSE,SH-650x250x16x25,650,250,16,25,4,2,150,ー,16,530,19,100,8,1,60,12,500,170,931,3960,885,65.28,1770,1.4,2.19,9.21,2.4
FALSE,SH-650x250x16x28,650,250,16,28,5,2,150,ー,19,650,19,100,8,1,60,12,500,170,1000,4270,872,64.32,1910,1.4,2.39,9.45,2.69
FALSE,SH-650x250x16x32,650,250,16,32,5,2,150,ー,22,650,22,100,5,2,90,12,440,290,1090,4660,1010,74.56,2160,1.4,2.26,9.72,3.07
FALSE,SH-650x300x12x16,650,300,12,16,4,2,150,40,12,440,12,110,6,1,90,9,530,170,724,3080,771,56.88,1330,1.3,1.97,11.01,1.84
FALSE,SH-650x300x12x19,650,300,12,19,4,2,150,40,12,440,16,110,6,1,90,9,530,170,815,3470,761,56.16,1480,1.3,2.25,11.44,2.19
FALSE,SH-650x300x12x22,650,300,12,22,4,2,150,40,16,440,16,110,6,1,90,9,530,170,904,3850,752,55.44,1710,1.3,2.53,11.78,2.53
FALSE,SH-650x300x12x25,650,300,12,25,5,2,150,40,16,530,19,110,7,1,60,12,440,170,992,4220,703,51.84,1800,1.3,2.97,12.06,2.88
FALSE,SH-650x300x14x19,650,300,14,19,4,2,150,40,12,440,16,110,8,1,60,12,500,170,843,3590,797,58.8,1540,1.3,2.23,11.09,2.19
FALSE,SH-650x300x14x22,650,300,14,22,4,2,150,40,16,440,16,110,8,1,60,12,500,170,931,3960,786,57.96,1770,1.3,2.5,11.45,2.53
FALSE,SH-650x300x14x25,650,300,14,25,5,2,150,40,16,530,19,110,8,1,60,12,500,170,1010,4330,774,57.12,1880,1.3,2.78,11.75,2.88
FALSE,SH-650x300x14x28,650,300,14,28,5,2,150,40,19,530,19,110,4,2,120,12,440,290,1100,4690,945,69.72,2040,1.3,2.47,12.01,3.23
FALSE,SH-650x300x16x22,650,300,16,22,5,2,150,40,16,530,16,110,8,1,60,12,500,170,958,4080,898,66.24,1800,1.3,2.26,11.15,2.53
FALSE,SH-650x300x16x25,650,300,16,25,5,2,150,40,16,530,19,110,8,1,60,12,500,170,1040,4440,885,65.28,1910,1.3,2.51,11.47,2.88
FALSE,SH-650x300x16x28,650,300,16,28,5,2,150,40,19,530,19,110,8,1,60,12,500,170,1120,4800,872,64.32,2070,1.3,2.75,11.74,3.23
FALSE,SH-650x300x16x32,650,300,16,32,6,2,150,40,22,620,22,110,8,1,60,12,500,170,1230,5270,855,63.04,2350,1.3,3.09,12.04,3.69
FALSE,SH-700x200x9x12,700,200,9,12,3,2,120,ー,9,410,12,80,6,1,90,9,530,170,466,1980,649,47.88,862,1.3,1.54,6.44,0.85
FALSE,SH-700x200x9x16,700,200,9,16,3,2,120,ー,12,410,12,80,6,1,90,9,530,170,552,2350,639,47.16,983,1.2,1.85,6.98,1.14
FALSE,SH-700x200x9x19,700,200,9,19,3,2,120,ー,16,410,16,80,6,1,90,9,530,170,615,2620,632,46.62,1210,1.4,2.08,7.28,1.35
FALSE,SH-700x200x9x22,700,200,9,22,3,2,120,ー,16,410,16,80,6,1,90,9,530,170,677,2890,625,46.08,1260,1.3,2.33,7.53,1.57
FALSE,SH-700x200x12x16,700,200,12,16,3,2,120,ー,12,410,16,80,8,1,60,12,500,170,602,2560,774,57.12,1170,1.3,1.68,6.49,1.14
FALSE,SH-700x200x12x19,700,200,12,19,3,2,120,ー,16,410,16,80,8,1,60,12,500,170,664,2830,765,56.4,1330,1.4,1.88,6.81,1.35
FALSE,SH-700x200x12x22,700,200,12,22,3,2,120,ー,16,410,16,80,8,1,60,12,500,170,725,3090,755,55.68,1320,1.3,2.08,7.08,1.57
FALSE,SH-700x200x12x25,700,200,12,25,4,2,120,ー,16,530,19,80,8,1,60,12,500,170,785,3340,745,54.96,1410,1.2,2.28,7.31,1.78
FALSE,SH-700x200x12x28,700,200,12,28,4,2,120,ー,19,530,19,80,8,1,60,12,500,170,843,3590,735,54.24,1530,1.2,2.49,7.5,2
FALSE,SH-700x250x9x16,700,250,9,16,3,2,150,ー,12,410,12,100,6,1,90,9,530,170,678,2890,639,47.16,1160,1.3,2.15,9.18,1.42
FALSE,SH-700x250x9x19,700,250,9,19,4,2,150,ー,12,530,16,100,6,1,90,9,530,170,763,3250,632,46.62,1430,1.4,2.45,9.53,1.69
FALSE,SH-700x250x12x16,700,250,12,16,4,2,150,ー,12,530,16,100,8,1,60,12,500,170,728,3100,774,57.12,1450,1.4,1.93,8.6,1.42
FALSE,SH-700x250x12x19,700,250,12,19,4,2,150,ー,12,530,16,100,8,1,60,12,500,170,812,3460,765,56.4,1500,1.3,2.18,8.99,1.69
FALSE,SH-700x250x12x22,700,250,12,22,4,2,150,ー,16,530,16,100,8,1,60,12,500,170,895,3810,755,55.68,1720,1.4,2.43,9.3,1.96
FALSE,SH-700x250x12x25,700,250,12,25,4,2,150,ー,16,530,19,100,8,1,60,12,500,170,976,4160,745,54.96,1830,1.4,2.69,9.57,2.23
FALSE,SH-700x250x14x19,700,250,14,19,4,2,150,ー,16,530,16,100,9,1,60,12,560,170,844,3600,847,62.44,1690,1.4,2.06,8.68,1.69
FALSE,SH-700x250x14x22,700,250,14,22,4,2,150,ー,16,530,19,100,8,1,60,12,500,170,926,3940,881,64.96,1840,1.4,2.17,9.01,1.96
FALSE,SH-700x250x14x25,700,250,14,25,4,2,150,ー,16,530,19,100,9,1,60,9,560,170,1000,4290,824,60.76,1920,1.4,2.52,9.28,2.23
FALSE,SH-700x250x14x28,700,250,14,28,5,2,150,ー,19,650,19,100,9,1,60,9,560,170,1080,4620,812,59.92,2070,1.4,2.76,9.52,2.5
FALSE,SH-700x300x12x19,700,300,12,19,4,2,150,40,12,440,16,110,8,1,60,12,500,170,907,3860,765,56.4,1620,1.3,2.49,11.23,2.03
FALSE,SH-700x300x12x22,700,300,12,22,5,2,150,40,16,530,19,110,8,1,60,12,500,170,1000,4270,755,55.68,1940,1.4,2.79,11.58,2.35
FALSE,SH-700x300x12x25,700,300,12,25,5,2,150,40,19,530,19,110,8,1,60,12,500,170,1090,4680,745,54.96,2120,1.4,3.1,11.87,2.67
FALSE,SH-700x300x12x28,700,300,12,28,5,2,150,40,19,530,22,110,7,1,60,12,440,170,1190,5070,774,57.12,2240,1.3,3.24,12.12,3
FALSE,SH-700x300x14x19,700,300,14,19,4,2,150,40,16,440,16,110,9,1,60,12,560,170,939,4000,847,62.44,1860,1.4,2.34,10.87,2.03
FALSE,SH-700x300x14x22,700,300,14,22,5,2,150,40,16,530,16,110,8,1,60,12,500,170,1030,4410,881,64.96,1890,1.3,2.48,11.24,2.35
FALSE,SH-700x300x14x25,700,300,14,25,5,2,150,40,19,530,19,110,9,1,60,9,560,170,1120,4810,824,60.76,2200,1.4,2.89,11.55,2.67
FALSE,SH-700x300x14x28,700,300,14,28,6,2,150,40,19,620,22,110,9,1,60,9,560,170,1220,5200,812,59.92,2370,1.4,3.18,11.82,3
FALSE,SH-700x300x14x32,700,300,14,32,6,2,150,40,22,620,22,110,8,1,60,12,500,170,1340,5710,843,62.16,2490,1.3,3.37,12.11,3.42
FALSE,SH-700x300x16x22,700,300,16,22,5,2,150,40,16,530,19,110,9,1,60,12,560,170,1060,4540,955,70.4,2110,1.4,2.37,10.93,2.35
FALSE,SH-700x300x16x25,700,300,16,25,5,2,150,40,19,530,19,110,9,1,60,12,560,170,1160,4940,942,69.44,2290,1.4,2.61,11.26,2.67
FALSE,SH-700x300x16x28,700,300,16,28,6,2,150,40,19,620,22,110,5,2,90,16,440,290,1250,5330,1130,83.84,2380,1.3,2.34,11.54,3
FALSE,SH-700x300x16x32,700,300,16,32,6,2,150,40,22,620,22,110,5,2,90,16,440,290,1370,5840,1120,82.56,2550,1.3,2.61,11.85,3.42
FALSE,SH-700x300x16x36,700,300,16,36,7,2,150,40,25,710,25,110,5,2,90,16,440,290,1480,6330,1100,81.28,2850,1.3,2.88,12.11,3.85
FALSE,SH-700x350x12x22,700,350,12,22,3,4,140,70,16,410,16,140,8,1,60,12,500,170,1070,4560,755,55.68,2060,1.3,3.14,13.89,2.75
FALSE,SH-700x350x12x25,700,350,12,25,3,4,140,70,16,410,16,140,8,1,60,12,500,170,1170,5000,745,54.96,2070,1.2,3.5,14.21,3.12
FALSE,SH-700x350x14x22,700,350,14,22,3,4,140,70,16,410,16,140,8,1,60,12,500,170,1100,4700,881,64.96,2110,1.3,2.78,13.52,2.75
FALSE,SH-700x350x14x25,700,350,14,25,3,4,140,70,16,410,19,140,8,1,60,12,500,170,1200,5130,869,64.12,2250,1.2,3.09,13.86,3.12
FALSE,SH-700x350x14x28,700,350,14,28,3,4,140,70,19,410,19,140,8,1,60,12,500,170,1300,5560,858,63.28,2450,1.2,3.4,14.15,3.5
FALSE,SH-700x350x14x32,700,350,14,32,3,4,140,70,19,410,22,140,8,1,60,12,500,170,1430,6120,843,62.16,2580,1.2,3.83,14.47,4
FALSE,SH-700x350x16x25,700,350,16,25,3,4,140,70,16,410,19,140,9,1,60,12,560,170,1230,5260,942,69.44,2340,1.3,2.93,13.54,3.12
FALSE,SH-700x350x16x28,700,350,16,28,3,4,140,70,19,410,19,140,9,1,60,12,560,170,1330,5690,929,68.48,2540,1.3,3.22,13.85,3.5
TRUE,SH-700x350x16x32,700,350,16,32,4,4,140,70,19,530,22,140,9,1,60,12,560,170,1460,6240,911,67.2,2670,1.2,3.62,14.19,4
FALSE,SH-700x350x16x36,700,350,16,36,4,4,140,70,22,530,25,140,8,1,60,12,500,170,1590,6780,946,69.76,2950,1.2,3.81,14.47,4.5
FALSE,SH-750x250x12x16,750,250,12,16,4,2,150,ー,12,530,16,100,9,1,60,9,560,170,799,3400,817,60.24,1600,1.4,2.02,8.45,1.33
FALSE,SH-750x250x12x19,750,250,12,19,4,2,150,ー,16,530,16,100,7,1,90,9,620,170,890,3790,885,65.28,1760,1.4,2.07,8.84,1.58
FALSE,SH-750x250x12x22,750,250,12,22,4,2,150,ー,16,530,19,100,7,1,90,9,620,170,979,4170,875,64.56,1930,1.4,2.3,9.16,1.83
FALSE,SH-750x250x12x25,750,250,12,25,5,2,150,ー,19,650,19,100,7,1,90,9,620,170,1060,4540,866,63.84,2090,1.4,2.53,9.43,2.08
FALSE,SH-750x250x14x19,750,250,14,19,4,2,150,ー,16,530,16,100,9,1,60,12,560,170,928,3950,942,69.44,1870,1.4,2.04,8.52,1.58
FALSE,SH-750x250x14x22,750,250,14,22,4,2,150,ー,16,530,19,100,9,1,60,12,560,170,1010,4330,930,68.6,2030,1.4,2.26,8.86,1.83
FALSE,SH-750x250x14x25,750,250,14,25,5,2,150,ー,19,650,19,100,9,1,60,12,560,170,1100,4700,919,67.76,2180,1.4,2.48,9.14,2.08
FALSE,SH-750x250x14x28,750,250,14,28,5,2,150,ー,19,650,22,100,9,1,60,12,560,170,1180,5060,907,66.92,2340,1.4,2.71,9.38,2.33
FALSE,SH-750x300x14x19,750,300,14,19,4,2,150,40,16,440,16,110,9,1,60,12,560,170,1030,4380,942,69.44,2040,1.4,2.31,10.69,1.9
FALSE,SH-750x300x14x22,750,300,14,22,5,2,150,40,16,530,19,110,9,1,60,12,560,170,1130,4820,930,68.6,2210,1.4,2.57,11.07,2.2
FALSE,SH-750x300x14x25,750,300,14,25,5,2,150,40,19,530,19,110,9,1,60,12,560,170,1230,5260,919,67.76,2400,1.4,2.84,11.39,2.5
FALSE,SH-750x300x14x28,750,300,14,28,6,2,150,40,19,620,22,110,9,1,60,12,560,170,1330,5680,907,66.92,2530,1.3,3.11,11.66,2.8
FALSE,SH-750x300x16x22,750,300,16,22,5,2,150,40,16,530,19,110,10,1,60,12,620,170,1170,4980,1010,74.56,2320,1.4,2.45,10.76,2.2
FALSE,SH-750x300x16x25,750,300,16,25,5,2,150,40,19,530,19,110,6,2,90,12,530,290,1270,5410,1200,88.96,2510,1.4,2.23,11.09,2.5
FALSE,SH-750x300x16x28,750,300,16,28,6,2,150,40,19,620,22,110,6,2,90,12,530,290,1370,5830,1190,88,2670,1.4,2.44,11.37,2.8
FALSE,SH-750x300x16x32,750,300,16,32,6,2,150,40,22,620,22,110,6,2,90,12,530,290,1500,6380,1170,86.72,2860,1.3,2.71,11.7,3.2
FALSE,SH-750x350x14x22,750,350,14,22,3,4,140,70,16,410,16,140,9,1,60,12,560,170,1200,5140,930,68.6,2300,1.3,2.88,13.34,2.56
FALSE,SH-750x350x14x25,750,350,14,25,3,4,140,70,16,410,19,140,9,1,60,12,560,170,1310,5610,919,67.76,2460,1.2,3.19,13.68,2.91
FALSE,SH-750x350x14x28,750,350,14,28,3,4,140,70,19,410,19,140,9,1,60,12,560,170,1420,6070,907,66.92,2670,1.2,3.51,13.98,3.26
FALSE,SH-750x350x14x32,750,350,14,32,4,4,140,70,19,530,22,140,9,1,60,12,560,170,1560,6680,892,65.8,2810,1.2,3.94,14.31,3.73
FALSE,SH-750x350x16x25,750,350,16,25,3,4,140,70,19,410,19,140,9,1,60,12,560,170,1350,5760,1050,77.44,2660,1.3,2.87,13.35,2.91
FALSE,SH-750x350x16x28,750,350,16,28,3,4,140,70,19,410,19,140,9,1,60,12,560,170,1460,6220,1030,76.48,2710,1.2,3.15,13.67,3.26
FALSE,SH-750x350x16x32,750,350,16,32,4,4,140,70,22,530,22,140,9,1,60,12,560,170,1600,6820,1020,75.2,3070,1.3,3.53,14.02,3.73
FALSE,SH-750x350x16x36,750,350,16,36,4,4,140,70,22,530,25,140,9,1,60,12,560,170,1740,7410,1000,73.92,3210,1.2,3.92,14.31,4.2
FALSE,SH-800x250x14x22,800,250,14,22,4,2,150,ー,16,530,19,100,10,1,60,12,620,170,1100,4720,980,72.24,2220,1.4,2.34,8.71,1.71
FALSE,SH-800x250x14x25,800,250,14,25,5,2,150,ー,19,650,19,100,10,1,60,12,620,170,1200,5120,968,71.4,2390,1.4,2.57,9,1.95
FALSE,SH-800x250x14x28,800,250,14,28,5,2,150,ー,19,650,22,100,10,1,60,12,620,170,1290,5510,957,70.56,2550,1.4,2.8,9.25,2.18
TRUE,SH-800x250x16x22,800,250,16,22,4,2,150,ー,16,530,19,100,6,2,120,12,680,290,1150,4900,1320,97.92,2330,1.4,1.81,8.43,1.71
FALSE,SH-800x250x16x25,800,250,16,25,5,2,150,ー,19,650,19,100,10,1,60,12,620,170,1240,5290,1100,81.6,2460,1.4,2.34,8.73,1.95
FALSE,SH-800x250x16x28,800,250,16,28,5,2,150,ー,19,650,22,100,10,1,60,12,620,170,1330,5680,1090,80.64,2600,1.4,2.54,8.98,2.18
FALSE,SH-800x250x16x32,800,250,16,32,6,2,150,ー,22,770,22,100,10,1,60,12,620,170,1450,6190,1070,79.36,2770,1.4,2.81,9.28,2.5
FALSE,SH-800x300x14x22,800,300,14,22,5,2,150,40,16,530,19,110,10,1,60,12,620,170,1230,5250,980,72.24,2410,1.4,2.66,10.91,2.06
FALSE,SH-800x300x14x25,800,300,14,25,5,2,150,40,19,530,19,110,10,1,60,12,620,170,1340,5720,968,71.4,2620,1.4,2.93,11.24,2.34
FALSE,SH-800x300x14x28,800,300,14,28,6,2,150,40,19,620,22,110,10,1,60,12,620,170,1450,6180,957,70.56,2750,1.3,3.2,11.51,2.62
FALSE,SH-800x300x14x32,800,300,14,32,6,2,150,40,22,620,22,110,9,1,60,12,560,170,1590,6780,987,72.8,2890,1.3,3.41,11.82,3
FALSE,SH-800x300x16x22,800,300,16,22,5,2,150,40,16,530,19,110,10,1,60,12,620,170,1270,5430,1120,82.56,2450,1.3,2.42,10.59,2.06
FALSE,SH-800x300x16x25,800,300,16,25,5,2,150,40,19,530,19,110,10,1,60,12,620,170,1380,5900,1100,81.6,2660,1.3,2.65,10.93,2.34
FALSE,SH-800x300x16x28,800,300,16,28,6,2,150,40,19,620,22,110,10,1,60,12,620,170,1490,6350,1090,80.64,2800,1.3,2.89,11.22,2.62
FALSE,SH-800x300x16x32,800,300,16,32,6,2,150,40,22,620,22,110,10,1,60,12,620,170,1630,6950,1070,79.36,3000,1.3,3.22,11.55,3
FALSE,SH-800x300x16x36,800,300,16,36,7,2,150,40,25,710,25,110,6,2,90,16,530,290,1760,7530,1260,93.44,3370,1.3,2.97,11.82,3.37
FALSE,SH-800x350x14x25,800,350,14,25,3,4,140,70,16,410,19,140,10,1,60,12,620,170,1430,6100,968,71.4,2670,1.2,3.29,13.51,2.73
FALSE,SH-800x350x14x28,800,350,14,28,3,4,140,70,19,410,19,140,10,1,60,12,620,170,1550,6600,957,70.56,2900,1.2,3.61,13.82,3.06
FALSE,SH-800x350x16x25,800,350,16,25,3,4,140,70,16,410,19,140,10,1,60,12,620,170,1470,6270,1100,81.6,2720,1.2,2.97,13.17,2.73
FALSE,SH-800x350x16x28,800,350,16,28,3,4,140,70,19,410,19,140,10,1,60,12,620,170,1590,6770,1090,80.64,2950,1.2,3.25,13.49,3.06
FALSE,SH-800x350x16x32,800,350,16,32,4,4,140,70,22,530,22,140,10,1,60,12,620,170,1740,7420,1070,79.36,3340,1.3,3.63,13.85,3.5
FALSE,SH-800x350x16x36,800,350,16,36,4,4,140,70,22,530,25,140,10,1,60,12,620,170,1890,8050,1050,78.08,3490,1.2,4.02,14.15,3.93
FALSE,SH-800x350x19x25,800,350,19,25,3,4,140,70,19,410,19,140,7,2,90,16,620,290,1470,6280,1500,110.6,2880,1.2,2.29,12.71,2.73
FALSE,SH-800x350x19x28,800,350,19,28,3,4,140,70,19,410,19,140,7,2,90,16,620,290,1590,6770,1480,109.4,3090,1.2,2.49,13.05,3.06
FALSE,SH-800x350x19x32,800,350,19,32,4,4,140,70,22,530,22,140,7,2,90,16,620,290,1800,7670,1460,107.9,3560,1.3,2.77,13.43,3.5
FALSE,SH-800x350x19x36,800,350,19,36,4,4,140,70,22,530,25,140,7,2,90,12,620,290,1940,8290,1440,106.4,3770,1.3,3.05,13.76,3.93
FALSE,SH-800x350x19x40,800,350,19,40,4,4,140,70,25,530,28,140,7,2,90,12,620,290,2090,8910,1420,104.9,4110,1.3,3.34,14.04,4.37
FALSE,SH-800x400x14x25,800,400,14,25,3,4,140,90,16,410,16,170,9,1,60,12,560,170,1650,7030,1010,74.76,2980,1.2,3.48,15.83,3.12
FALSE,SH-800x400x14x28,800,400,14,28,4,4,140,90,16,530,19,170,9,1,60,12,560,170,1790,7640,1000,73.92,3200,1.2,3.83,16.15,3.5
FALSE,SH-800x400x16x25,800,400,16,25,3,4,140,90,16,410,16,170,10,1,60,12,620,170,1690,7210,1100,81.6,3100,1.3,3.28,15.46,3.12
FALSE,SH-800x400x16x28,800,400,16,28,4,4,140,90,16,530,19,170,10,1,60,12,620,170,1830,7810,1090,80.64,3310,1.2,3.6,15.8,3.5
FALSE,SH-800x400x16x32,800,400,16,32,4,4,140,90,19,530,22,170,10,1,60,12,620,170,2020,8600,1070,79.36,3800,1.3,4.04,16.19,4
FALSE,SH-800x400x16x36,800,400,16,36,4,4,140,90,22,530,22,170,10,1,60,12,620,170,2200,9370,1050,78.08,4060,1.3,4.49,16.51,4.5
FALSE,SH-800x400x19x28,800,400,19,28,4,4,140,90,19,530,19,170,7,2,90,16,620,290,1890,8070,1480,109.4,3720,1.3,2.76,15.32,3.5
FALSE,SH-800x400x19x32,800,400,19,32,4,4,140,90,19,530,22,170,7,2,90,12,620,290,2070,8850,1460,107.9,4050,1.3,3.07,15.74,4
FALSE,SH-800x400x19x36,800,400,19,36,5,4,140,90,22,650,22,170,7,2,90,12,620,290,2250,9610,1440,106.4,4340,1.3,3.39,16.09,4.5
FALSE,SH-800x400x19x40,800,400,19,40,5,4,140,90,25,650,25,170,7,2,90,12,620,290,2430,10400,1420,104.9,4720,1.3,3.72,16.38,5
FALSE,SH-850x250x14x22,850,250,14,22,4,2,150,ー,16,530,19,100,10,1,60,12,620,170,1200,5130,1070,79.24,2360,1.4,2.32,8.58,1.61
FALSE,SH-850x250x14x25,850,250,14,25,5,2,150,ー,19,650,19,100,10,1,60,12,620,170,1300,5550,1060,78.4,2550,1.4,2.54,8.87,1.83
FALSE,SH-850x250x14x28,850,250,14,28,5,2,150,ー,19,650,22,100,10,1,60,12,620,170,1400,5970,1050,77.56,2690,1.4,2.76,9.12,2.05
FALSE,SH-850x250x16x22,850,250,16,22,4,2,150,ー,16,530,19,100,11,1,60,12,680,170,1250,5330,1170,86.72,2480,1.4,2.22,8.29,1.61
FALSE,SH-850x250x16x25,850,250,16,25,5,2,150,ー,19,650,19,100,11,1,60,12,680,170,1350,5750,1160,85.76,2680,1.4,2.42,8.59,1.83
FALSE,SH-850x250x16x28,850,250,16,28,5,2,150,ー,19,650,22,100,11,1,60,12,680,170,1440,6170,1150,84.8,2820,1.4,2.62,8.85,2.05
FALSE,SH-850x250x16x32,850,250,16,32,6,2,150,ー,22,770,25,100,11,1,60,12,680,170,1570,6710,1130,83.52,3140,1.4,2.9,9.15,2.35
FALSE,SH-850x300x14x22,850,300,14,22,5,2,150,40,16,530,19,110,10,1,60,12,620,170,1330,5690,1070,79.24,2540,1.3,2.63,10.76,1.94
FALSE,SH-850x300x14x25,850,300,14,25,5,2,150,40,19,530,19,110,10,1,60,12,620,170,1450,6190,1060,78.4,2760,1.3,2.89,11.09,2.2
FALSE,SH-850x300x14x28,850,300,14,28,6,2,150,40,19,620,22,110,10,1,60,12,620,170,1570,6690,1050,77.56,2910,1.3,3.15,11.37,2.47
FALSE,SH-850x300x16x22,850,300,16,22,5,2,150,40,16,530,19,110,11,1,60,12,680,170,1380,5900,1170,86.72,2660,1.3,2.5,10.43,1.94
FALSE,SH-850x300x16x25,850,300,16,25,5,2,150,40,19,530,19,110,11,1,60,12,680,170,1500,6390,1160,85.76,2890,1.3,2.74,10.77,2.2
FALSE,SH-850x300x16x28,850,300,16,28,6,2,150,40,19,620,22,110,11,1,60,12,680,170,1610,6880,1150,84.8,3030,1.3,2.98,11.07,2.47
FALSE,SH-850x300x16x32,850,300,16,32,6,2,150,40,22,620,22,110,11,1,60,12,680,170,1760,7520,1130,83.52,3250,1.3,3.31,11.4,2.82
FALSE,SH-850x350x16x25,850,350,16,25,3,4,140,70,16,410,19,140,11,1,60,12,680,170,1590,6800,1160,85.76,2950,1.2,3.06,13,2.57
FALSE,SH-850x350x16x28,850,350,16,28,3,4,140,70,19,410,19,140,11,1,60,12,680,170,1720,7330,1150,84.8,3190,1.2,3.34,13.33,2.88
FALSE,SH-850x350x16x32,850,350,16,32,4,4,140,70,22,530,22,140,11,1,60,12,680,170,1880,8020,1130,83.52,3610,1.3,3.72,13.7,3.29
FALSE,SH-850x350x19x28,850,350,19,28,3,4,140,70,19,410,22,140,7,2,90,16,620,290,1730,7380,1610,118.9,3380,1.2,2.49,12.87,2.88
FALSE,SH-850x350x19x32,850,350,19,32,4,4,140,70,22,530,22,140,7,2,90,16,620,290,1950,8310,1590,117.4,3800,1.3,2.75,13.26,3.29
FALSE,SH-850x350x19x36,850,350,19,36,4,4,140,70,25,530,25,140,11,1,60,12,680,170,2110,8980,1320,97.66,4110,1.3,3.59,13.6,3.7
TRUE,SH-850x350x19x40,850,350,19,40,4,4,140,70,25,530,28,140,11,1,60,16,680,170,2260,9640,1300,96.14,4270,1.2,3.93,13.88,4.11
FALSE,SH-850x400x16x25,850,400,16,25,3,4,140,90,16,410,16,170,11,1,60,12,680,170,1830,7800,1160,85.76,3350,1.3,3.37,15.27,2.94
FALSE,SH-850x400x16x28,850,400,16,28,4,4,140,90,19,530,19,170,11,1,60,12,680,170,1980,8440,1150,84.8,3850,1.3,3.7,15.62,3.29
FALSE,SH-850x400x16x32,850,400,16,32,4,4,140,90,19,530,22,170,11,1,60,12,680,170,2180,9280,1130,83.52,4100,1.3,4.14,16.02,3.76
FALSE,SH-850x400x19x28,850,400,19,28,4,4,140,90,19,530,19,170,7,2,90,16,620,290,2050,8730,1610,118.9,4040,1.4,2.74,15.13,3.29
FALSE,SH-850x400x19x32,850,400,19,32,4,4,140,90,19,530,22,170,7,2,90,16,620,290,2240,9570,1590,117.4,4300,1.3,3.05,15.55,3.76
FALSE,SH-850x400x19x36,850,400,19,36,5,4,140,90,22,650,22,170,7,2,90,16,620,290,2440,10400,1570,115.9,4580,1.3,3.36,15.91,4.23
FALSE,SH-850x400x19x40,850,400,19,40,5,4,140,90,25,650,25,170,7,2,90,16,620,290,2620,11200,1550,114.4,5090,1.3,3.68,16.22,4.7
FALSE,SH-900x250x14x19,900,250,14,19,4,2,150,ー,16,530,16,100,11,1,60,12,680,170,1190,5080,1130,83.72,2390,1.4,2.19,8.1,1.31
FALSE,SH-900x250x14x22,900,250,14,22,4,2,150,ー,16,530,19,100,11,1,60,12,680,170,1300,5540,1120,82.88,2550,1.4,2.4,8.45,1.52
FALSE,SH-900x250x14x25,900,250,14,25,5,2,150,ー,19,650,19,100,11,1,60,12,680,170,1400,6000,1110,82.04,2750,1.4,2.62,8.74,1.73
FALSE,SH-900x250x16x19,900,250,16,19,4,2,150,ー,16,530,16,100,12,1,60,12,740,170,1250,5320,1240,91.84,2540,1.4,2.1,7.81,1.31
FALSE,SH-900x250x16x22,900,250,16,22,4,2,150,ー,16,530,19,100,12,1,60,12,740,170,1350,5780,1230,90.88,2700,1.4,2.3,8.16,1.52
FALSE,SH-900x250x16x25,900,250,16,25,5,2,150,ー,19,650,19,100,12,1,60,12,740,170,1460,6230,1220,89.92,2900,1.4,2.5,8.46,1.73
FALSE,SH-900x250x16x28,900,250,16,28,5,2,150,ー,19,650,22,100,12,1,60,12,740,170,1560,6670,1200,88.96,3050,1.4,2.7,8.72,1.94
FALSE,SH-900x300x14x22,900,300,14,22,5,2,150,40,16,530,19,110,11,1,60,12,680,170,1440,6150,1120,82.88,2740,1.3,2.71,10.61,1.83
FALSE,SH-900x300x14x25,900,300,14,25,5,2,150,40,19,530,19,110,11,1,60,12,680,170,1560,6680,1110,82.04,2980,1.3,2.97,10.94,2.08
FALSE,SH-900x300x16x19,900,300,16,19,4,2,150,40,16,440,16,110,12,1,60,12,740,170,1370,5850,1240,91.84,2690,1.4,2.34,9.86,1.58
FALSE,SH-900x300x16x22,900,300,16,22,5,2,150,40,16,530,19,110,12,1,60,12,740,170,1490,6380,1230,90.88,2890,1.3,2.58,10.27,1.83
FALSE,SH-900x300x16x25,900,300,16,25,5,2,150,40,19,530,19,110,12,1,60,12,740,170,1620,6910,1220,89.92,3130,1.3,2.82,10.62,2.08
FALSE,SH-900x300x16x28,900,300,16,28,6,2,150,40,19,620,22,110,12,1,60,12,740,170,1740,7430,1200,88.96,3280,1.3,3.07,10.92,2.33
FALSE,SH-900x300x16x32,900,300,16,32,7,2,150,40,22,710,25,110,8,2,90,12,710,290,1900,8110,1390,103,3760,1.4,2.89,11.26,2.66
FALSE,SH-900x300x19x22,900,300,19,22,5,2,150,40,16,530,19,110,8,2,90,16,710,290,1580,6730,1710,126.2,3210,1.4,1.97,9.83,1.83
FALSE,SH-900x300x19x25,900,300,19,25,5,2,150,40,19,530,19,110,8,2,90,16,710,290,1700,7250,1690,125,3450,1.4,2.14,10.19,2.08
FALSE,SH-900x300x19x28,900,300,19,28,6,2,150,40,19,620,22,110,8,2,90,16,710,290,1820,7760,1680,123.9,3600,1.4,2.32,10.5,2.33
FALSE,SH-900x300x19x32,900,300,19,32,7,2,150,40,22,710,25,110,8,2,90,16,710,290,1980,8430,1660,122.4,3970,1.4,2.55,10.86,2.66
FALSE,SH-900x300x19x36,900,300,19,36,7,2,150,40,25,710,28,110,8,2,90,16,710,290,2130,9090,1630,120.8,4250,1.4,2.79,11.17,3
FALSE,SH-900x350x16x25,900,350,16,25,3,4,140,70,19,410,19,140,12,1,60,12,740,170,1720,7330,1220,89.92,3420,1.3,3.14,12.83,2.43
FALSE,SH-900x350x16x28,900,350,16,28,3,4,140,70,19,410,19,140,11,1,60,12,680,170,1850,7900,1250,92.8,3360,1.2,3.29,13.17,2.72
FALSE,SH-900x350x16x32,900,350,16,32,4,4,140,70,22,530,22,140,11,1,60,12,680,170,2030,8640,1240,91.52,3800,1.2,3.66,13.54,3.11
FALSE,SH-900x350x19x25,900,350,19,25,3,4,140,70,19,410,19,140,8,2,90,16,710,290,1720,7330,1690,125,3370,1.2,2.38,12.35,2.43
FALSE,SH-900x350x19x28,900,350,19,28,3,4,140,70,19,410,22,140,8,2,90,12,710,290,1850,7890,1680,123.9,3610,1.2,2.58,12.7,2.72
FALSE,SH-900x350x19x32,900,350,19,32,4,4,140,70,22,530,22,140,8,2,90,12,710,290,2100,8970,1660,122.4,4190,1.3,2.85,13.1,3.11
FALSE,SH-900x350x19x36,900,350,19,36,4,4,140,70,25,530,25,140,7,2,90,16,620,290,2270,9690,1700,125.4,4440,1.3,3.01,13.44,3.5
FALSE,SH-900x350x19x40,900,350,19,40,4,4,140,70,25,530,28,140,7,2,90,16,620,290,2440,10400,1680,123.9,4610,1.2,3.28,13.73,3.88
FALSE,SH-900x400x16x25,900,400,16,25,4,4,140,90,16,530,16,170,12,1,60,12,740,170,1970,8400,1220,89.92,3620,1.3,3.46,15.09,2.77
FALSE,SH-900x400x16x28,900,400,16,28,4,4,140,90,19,530,19,170,11,1,60,12,680,170,2130,9080,1250,92.8,4090,1.3,3.63,15.45,3.11
FALSE,SH-900x400x16x32,900,400,16,32,4,4,140,90,19,530,22,170,11,1,60,12,680,170,2340,9980,1240,91.52,4320,1.3,4.06,15.86,3.55
FALSE,SH-900x400x19x28,900,400,19,28,4,4,140,90,19,530,19,170,8,2,90,12,710,290,2210,9420,1680,123.9,4360,1.4,2.84,14.94,3.11
FALSE,SH-900x400x19x32,900,400,19,32,4,4,140,90,19,530,22,170,8,2,90,12,710,290,2420,10300,1660,122.4,4740,1.3,3.15,15.38,3.55
FALSE,SH-900x400x19x36,900,400,19,36,5,4,140,90,22,650,22,170,8,2,90,12,710,290,2620,11200,1630,120.8,5040,1.3,3.47,15.74,4
FALSE,SH-900x400x19x40,900,400,19,40,5,4,140,90,25,650,25,170,7,2,90,16,620,290,2820,12000,1680,123.9,5360,1.3,3.65,16.06,4.44
FALSE,SH-950x250x16x22,950,250,16,22,4,2,150,ー,16,530,19,100,13,1,60,12,800,170,1460,6230,1280,95.04,2910,1.4,2.37,8.03,1.44
FALSE,SH-950x250x16x25,950,250,16,25,5,2,150,ー,19,650,19,100,13,1,60,12,800,170,1570,6710,1270,94.08,3130,1.4,2.58,8.34,1.64
FALSE,SH-950x250x16x28,950,250,16,28,5,2,150,ー,19,650,22,100,12,1,60,12,740,170,1680,7180,1310,96.96,3200,1.3,2.67,8.6,1.84
FALSE,SH-950x250x16x32,950,250,16,32,6,2,150,ー,22,770,22,100,12,1,60,12,740,170,1830,7800,1290,95.68,3410,1.3,2.94,8.91,2.1
FALSE,SH-950x250x19x25,950,250,19,25,5,2,150,ー,19,650,19,100,8,2,90,16,710,290,1660,7100,1820,134.5,3360,1.4,1.92,7.97,1.64
FALSE,SH-950x250x19x28,950,250,19,28,5,2,150,ー,19,650,22,100,8,2,90,16,710,290,1770,7560,1800,133.4,3520,1.4,2.06,8.24,1.84
FALSE,SH-950x250x19x32,950,250,19,32,6,2,150,ー,22,770,25,100,8,2,90,16,710,290,1910,8170,1780,131.9,3900,1.4,2.25,8.55,2.1
FALSE,SH-950x250x19x36,950,250,19,36,6,2,150,ー,25,770,25,100,8,2,90,16,710,290,2050,8760,1760,130.3,4110,1.4,2.44,8.82,2.36
TRUE,SH-950x250x19x40,950,250,19,40,7,2,150,ー,25,890,28,100,8,2,90,16,710,290,2190,9350,1740,128.8,4260,1.4,2.64,9.06,2.63
FALSE,SH-950x300x16x22,950,300,16,22,5,2,150,40,16,530,19,110,13,1,60,12,800,170,1610,6870,1280,95.04,3120,1.3,2.66,10.13,1.73
FALSE,SH-950x300x16x25,950,300,16,25,5,2,150,40,19,530,19,110,12,1,60,12,740,170,1740,7430,1320,97.92,3280,1.3,2.79,10.48,1.97
FALSE,SH-950x300x16x28,950,300,16,28,6,2,150,40,19,620,22,110,12,1,60,12,740,170,1870,7990,1310,96.96,3440,1.3,3.02,10.78,2.21
FALSE,SH-950x300x16x32,950,300,16,32,6,2,150,40,22,620,25,110,12,1,60,12,740,170,2040,8710,1290,95.68,3850,1.3,3.34,11.13,2.52
FALSE,SH-950x300x19x25,950,300,19,25,6,2,150,40,19,620,19,110,8,2,90,16,710,290,1830,7820,1820,134.5,3600,1.4,2.15,10.04,1.97
FALSE,SH-950x300x19x28,950,300,19,28,6,2,150,40,22,620,22,110,8,2,90,16,710,290,1960,8360,1800,133.4,3980,1.4,2.32,10.36,2.21
FALSE,SH-950x300x19x32,950,300,19,32,7,2,150,40,22,710,25,110,8,2,90,16,710,290,2130,9080,1780,131.9,4170,1.4,2.55,10.72,2.52
FALSE,SH-950x300x19x36,950,300,19,36,7,2,150,40,25,710,25,110,8,2,90,16,710,290,2290,9780,1760,130.3,4420,1.3,2.78,11.03,2.84
FALSE,SH-950x300x19x40,950,300,19,40,8,2,150,40,28,800,28,110,8,2,90,16,710,290,2450,10500,1740,128.8,4830,1.4,3.01,11.3,3.15
FALSE,SH-950x350x16x22,950,350,16,22,3,4,140,70,16,410,16,140,12,1,60,12,740,170,1700,7270,1340,98.88,3150,1.2,2.83,12.28,2.02
FALSE,SH-950x350x16x25,950,350,16,25,3,4,140,70,19,410,19,140,12,1,60,12,740,170,1850,7880,1320,97.92,3630,1.3,3.1,12.67,2.3
FALSE,SH-950x350x16x28,950,350,16,28,3,4,140,70,19,410,22,140,12,1,60,12,740,170,1990,8490,1310,96.96,3820,1.3,3.38,13.01,2.57
FALSE,SH-950x350x16x32,950,350,16,32,4,4,140,70,22,530,22,140,12,1,60,12,740,170,2180,9280,1290,95.68,4090,1.2,3.75,13.4,2.94
FALSE,SH-950x350x19x25,950,350,19,25,3,4,140,70,19,410,19,140,13,1,60,12,800,170,1940,8270,1510,111.7,3840,1.3,2.86,12.18,2.3
FALSE,SH-950x350x19x28,950,350,19,28,3,4,140,70,19,410,22,140,13,1,60,12,800,170,2080,8860,1500,110.6,4030,1.3,3.1,12.54,2.57
FALSE,SH-950x350x19x32,950,350,19,32,4,4,140,70,22,530,22,140,13,1,60,12,800,170,2260,9640,1470,109.1,4300,1.3,3.43,12.94,2.94
FALSE,SH-950x350x19x36,950,350,19,36,4,4,140,70,25,530,25,140,8,2,90,16,710,290,2440,10400,1760,130.3,4850,1.3,3.11,13.29,3.31
FALSE,SH-950x350x19x40,950,350,19,40,4,4,140,70,25,530,28,140,8,2,90,16,710,290,2620,11200,1740,128.8,5060,1.3,3.38,13.59,3.68
FALSE,SH-950x400x16x22,950,400,16,22,3,4,140,90,16,410,16,170,12,1,60,12,740,170,1940,8270,1340,98.88,3800,1.4,3.1,14.48,2.31
FALSE,SH-950x400x16x25,950,400,16,25,4,4,140,90,16,530,19,170,12,1,60,12,740,170,2110,9010,1320,97.92,4060,1.3,3.41,14.91,2.63
FALSE,SH-950x400x16x28,950,400,16,28,4,4,140,90,19,530,19,170,12,1,60,12,740,170,2280,9740,1310,96.96,4390,1.3,3.73,15.28,2.94
FALSE,SH-950x400x16x32,950,400,16,32,4,4,140,90,19,530,22,170,12,1,60,12,740,170,2510,10700,1290,95.68,4640,1.3,4.16,15.7,3.36
FALSE,SH-950x400x19x25,950,400,19,25,4,4,140,90,16,530,19,170,8,2,90,16,710,290,2200,9390,1820,134.5,4390,1.4,2.61,14.37,2.63
FALSE,SH-950x400x19x28,950,400,19,28,4,4,140,90,19,530,19,170,13,1,60,12,800,170,2370,10100,1500,110.6,4600,1.3,3.41,14.76,2.94
FALSE,SH-950x400x19x32,950,400,19,32,4,4,140,90,19,530,22,170,13,1,60,12,800,170,2600,11100,1470,109.1,4850,1.3,3.79,15.2,3.36
FALSE,SH-950x400x19x36,950,400,19,36,5,4,140,90,22,650,25,170,8,2,90,16,710,290,2810,12000,1760,130.3,5510,1.3,3.44,15.58,3.78
FALSE,SH-950x400x19x40,950,400,19,40,5,4,140,90,25,650,25,170,8,2,90,16,710,290,3030,12900,1740,128.8,5860,1.3,3.76,15.9,4.21
FALSE,SH-1000x250x16x22,1000,250,16,22,5,2,150,ー,16,650,19,100,13,1,60,12,800,170,1570,6710,1390,103,3030,1.4,2.36,7.91,1.37
FALSE,SH-1000x250x16x25,1000,250,16,25,5,2,150,ー,19,650,19,100,13,1,60,12,800,170,1690,7210,1380,102.1,3260,1.4,2.55,8.22,1.56
FALSE,SH-1000x250x16x28,1000,250,16,28,5,2,150,ー,19,650,22,100,13,1,60,12,800,170,1810,7710,1370,101.1,3430,1.3,2.75,8.48,1.75
FALSE,SH-1000x250x16x32,1000,250,16,32,6,2,150,ー,22,770,22,100,13,1,60,12,800,170,1960,8370,1350,99.84,3660,1.3,3.02,8.79,2
FALSE,SH-1000x250x19x25,1000,250,19,25,5,2,150,ー,19,650,19,100,9,2,90,12,800,290,1790,7640,1890,139.5,3710,1.5,2,7.84,1.56
FALSE,SH-1000x250x19x28,1000,250,19,28,5,2,150,ー,22,650,22,100,9,2,90,12,800,290,1910,8130,1870,138.3,3940,1.5,2.14,8.12,1.75
FALSE,SH-1000x250x19x32,1000,250,19,32,6,2,150,ー,22,770,25,100,9,2,90,12,800,290,2060,8780,1850,136.8,4210,1.4,2.33,8.43,2
FALSE,SH-1000x250x19x36,1000,250,19,36,6,2,150,ー,25,770,25,100,9,2,90,12,800,290,2210,9410,1830,135.3,4490,1.4,2.53,8.71,2.25
TRUE,SH-1000x250x19x40,1000,250,19,40,7,2,150,ー,28,890,28,100,8,2,90,16,710,290,2350,10000,1870,138.3,4680,1.4,2.63,8.95,2.5
FALSE,SH-1000x300x16x22,1000,300,16,22,5,2,150,40,16,530,19,110,13,1,60,12,800,170,1730,7380,1390,103,3250,1.3,2.63,9.99,1.65
FALSE,SH-1000x300x16x25,1000,300,16,25,5,2,150,40,19,530,19,110,13,1,60,12,800,170,1870,7970,1380,102.1,3520,1.3,2.87,10.34,1.87
FALSE,SH-1000x300x16x28,1000,300,16,28,6,2,150,40,22,620,22,110,13,1,60,12,800,170,2010,8560,1370,101.1,3960,1.4,3.11,10.65,2.1
FALSE,SH-1000x300x16x32,1000,300,16,32,6,2,150,40,22,620,25,110,13,1,60,12,800,170,2190,9330,1350,99.84,4120,1.3,3.43,11,2.4
FALSE,SH-1000x300x19x25,1000,300,19,25,6,2,150,40,19,620,22,110,14,1,60,12,860,170,1970,8400,1580,116.7,3940,1.4,2.67,9.9,1.87
FALSE,SH-1000x300x19x28,1000,300,19,28,6,2,150,40,22,620,22,110,14,1,60,12,860,170,2100,8980,1560,115.5,4210,1.4,2.87,10.22,2.1
FALSE,SH-1000x300x19x32,1000,300,19,32,7,2,150,40,22,710,25,110,9,2,90,12,800,290,2280,9740,1850,136.8,4570,1.4,2.63,10.58,2.4
FALSE,SH-1000x300x19x36,1000,300,19,36,7,2,150,40,25,710,28,110,8,2,90,16,710,290,2460,10500,1890,139.8,4790,1.3,2.77,10.9,2.7
FALSE,SH-1000x300x19x40,1000,300,19,40,8,2,150,40,28,800,28,110,8,2,90,16,710,290,2630,11200,1870,138.3,5040,1.3,3,11.17,3
FALSE,SH-1000x350x16x22,1000,350,16,22,3,4,140,70,16,410,19,140,13,1,60,12,800,170,1830,7800,1390,103,3600,1.3,2.91,12.12,1.92
FALSE,SH-1000x350x16x25,1000,350,16,25,3,4,140,70,19,410,19,140,13,1,60,12,800,170,1980,8450,1380,102.1,3890,1.3,3.19,12.52,2.18
FALSE,SH-1000x350x16x28,1000,350,16,28,3,4,140,70,19,410,22,140,13,1,60,12,800,170,2130,9090,1370,101.1,4090,1.3,3.46,12.86,2.45
FALSE,SH-1000x350x16x32,1000,350,16,32,4,4,140,70,22,530,22,140,13,1,60,12,800,170,2330,9930,1350,99.84,4370,1.2,3.84,13.25,2.8
FALSE,SH-1000x350x19x25,1000,350,19,25,3,4,140,70,19,410,19,140,14,1,60,12,860,170,2080,8880,1580,116.7,4130,1.3,2.94,12.02,2.18
FALSE,SH-1000x350x19x28,1000,350,19,28,3,4,140,70,19,410,22,140,14,1,60,12,860,170,2230,9510,1560,115.5,4340,1.3,3.19,12.38,2.45
FALSE,SH-1000x350x19x32,1000,350,19,32,4,4,140,70,22,530,22,140,8,2,90,16,710,290,2420,10300,1910,141.4,4600,1.3,2.84,12.79,2.8
FALSE,SH-1000x350x19x36,1000,350,19,36,4,4,140,70,25,530,25,140,8,2,90,16,710,290,2620,11100,1890,139.8,5090,1.3,3.1,13.14,3.15
FALSE,SH-1000x350x19x40,1000,350,19,40,4,4,140,70,28,530,28,140,8,2,90,16,710,290,2800,12000,1870,138.3,5560,1.3,3.37,13.44,3.5
FALSE,SH-1000x400x16x22,1000,400,16,22,3,4,140,90,16,410,16,170,13,1,60,12,800,170,2080,8850,1390,103,4070,1.4,3.19,14.3,2.2
FALSE,SH-1000x400x16x25,1000,400,16,25,4,4,140,90,16,530,19,170,13,1,60,12,800,170,2260,9640,1380,102.1,4350,1.3,3.5,14.74,2.5
FALSE,SH-1000x400x16x28,1000,400,16,28,4,4,140,90,19,530,19,170,13,1,60,12,800,170,2440,10400,1370,101.1,4690,1.3,3.82,15.12,2.8
FALSE,SH-1000x400x16x32,1000,400,16,32,4,4,140,90,19,530,22,170,13,1,60,12,800,170,2680,11400,1350,99.84,4960,1.3,4.25,15.54,3.2
FALSE,SH-1000x400x19x25,1000,400,19,25,4,4,140,90,16,530,19,170,14,1,60,12,860,170,2360,10100,1580,116.7,4590,1.3,3.22,14.19,2.5
FALSE,SH-1000x400x19x28,1000,400,19,28,4,4,140,90,19,530,19,170,14,1,60,12,860,170,2540,10800,1560,115.5,4940,1.3,3.5,14.59,2.8
FALSE,SH-1000x400x19x32,1000,400,19,32,4,4,140,90,22,530,22,170,9,2,90,12,800,290,2780,11800,1850,136.8,5480,1.4,3.23,15.04,3.2
FALSE,SH-1000x400x19x36,1000,400,19,36,5,4,140,90,22,650,25,170,8,2,90,16,710,290,3010,12800,1890,139.8,5800,1.3,3.43,15.42,3.6
FALSE,SH-1000x400x19x40,1000,400,19,40,5,4,140,90,25,650,25,170,8,2,90,16,710,290,3240,13800,1870,138.3,6130,1.3,3.74,15.75,4
