*,key,シリーズ,H,B,tw,tf,nF,mF,g1,g2,stfo,spL,stfi,spBi,mW,nW,Pc,stw,stB,stL,My,dZ,Qy,dAw,Mu,αj,Lq,L1,L2
FALSE,SH-600x250x12x22,600,250,12,22,6,2,150,－,16,770,16,100,5,2,90,9,440,290,1090,3090,1070,1.2,52.32,1830,2.07,,,
FALSE,SH-600x250x12x25,600,250,12,25,6,2,150,－,16,770,19,100,5,2,90,9,440,290,1190,3370,1050,1.2,51.6,2000,2.29,,,
FALSE,SH-600x250x14x22,600,250,14,22,6,2,150,－,16,770,16,100,6,2,60,16,380,290,1120,3180,1180,1.2,57.68,1910,1.94,,,
FALSE,SH-600x250x14x25,600,250,14,25,6,2,150,－,16,770,19,100,6,2,60,16,380,290,1230,3470,1160,1.2,56.84,2080,2.15,,,
FALSE,SH-600x250x14x28,600,250,14,28,7,2,150,－,19,890,19,100,6,2,60,16,380,290,1330,3750,1140,1.2,56,2240,2.36,,,
FALSE,SH-600x250x16x22,600,250,16,22,6,2,150,－,16,770,16,100,5,3,90,12,440,410,1160,3280,1420,1.2,69.76,1990,1.67,,,
FALSE,SH-600x250x16x25,600,250,16,25,6,2,150,－,16,770,19,100,5,3,90,12,440,410,1260,3560,1410,1.2,68.8,2150,1.84,,,
FALSE,SH-600x250x16x28,600,250,16,28,7,2,150,－,19,890,22,100,5,3,90,12,440,410,1360,3840,1390,1.2,67.84,2310,2.01,,,
FALSE,SH-600x300x12x22,600,300,12,22,7,2,150,40,16,710,16,110,5,2,90,9,440,290,1230,3480,1070,1.2,52.32,2050,2.38,,,
FALSE,SH-600x300x12x25,600,300,12,25,7,2,150,40,16,710,19,110,5,2,90,9,440,290,1350,3820,1050,1.2,51.6,2240,2.66,,,
FALSE,SH-600x300x14x22,600,300,14,22,7,2,150,40,16,710,16,110,6,2,60,16,380,290,1260,3570,1180,1.2,57.68,2130,2.23,,,
FALSE,SH-600x300x14x25,600,300,14,25,7,2,150,40,16,710,19,110,6,2,60,16,380,290,1380,3910,1160,1.2,56.84,2300,2.48,,,
FALSE,SH-600x300x14x28,600,300,14,28,8,2,150,40,19,800,19,110,6,2,60,12,380,290,1500,4240,1140,1.1,56,2480,2.74,,,
FALSE,SH-600x300x16x22,600,300,16,22,7,2,150,40,16,710,16,110,5,3,90,12,440,410,1300,3670,1420,1.2,69.76,2210,1.9,,,
FALSE,SH-600x300x16x25,600,300,16,25,7,2,150,40,16,710,19,110,5,3,90,12,440,410,1420,4000,1410,1.2,68.8,2390,2.11,,,
FALSE,SH-600x300x16x28,600,300,16,28,8,2,150,40,19,800,19,110,5,3,90,12,440,410,1530,4330,1390,1.2,67.84,2580,2.32,,,
FALSE,SH-650x250x12x22,650,250,12,22,6,2,150,－,16,770,16,100,6,2,90,9,530,290,1210,3420,1130,1.2,55.44,2040,2.16,,,
FALSE,SH-650x250x14x22,650,250,14,22,6,2,150,－,16,770,16,100,6,2,90,9,530,290,1250,3540,1320,1.2,64.68,2140,1.93,,,
TRUE,SH-650x250x14x25,650,250,14,25,6,2,150,－,16,770,19,100,6,2,90,9,530,290,1360,3850,1300,1.2,63.84,2310,2.13,,,
FALSE,SH-650x250x16x22,650,250,16,22,6,2,150,－,16,770,19,100,7,2,60,16,440,290,1290,3650,1430,1.2,70.08,2230,1.85,,,
FALSE,SH-650x250x16x25,650,250,16,25,6,2,150,－,16,770,19,100,7,2,60,16,440,290,1400,3960,1410,1.2,69.12,2410,2.03,,,
FALSE,SH-650x250x16x28,650,250,16,28,7,2,150,－,19,890,22,100,7,2,60,16,440,290,1510,4270,1390,1.2,68.16,2580,2.22,,,
FALSE,SH-650x300x12x22,650,300,12,22,7,2,150,40,16,710,16,110,6,2,90,9,530,290,1360,3850,1130,1.2,55.44,2270,2.49,,,
FALSE,SH-650x300x14x22,650,300,14,22,7,2,150,40,16,710,16,110,5,3,90,12,440,410,1400,3960,1390,1.2,68.04,2370,2.1,,,
FALSE,SH-650x300x14x25,650,300,14,25,7,2,150,40,16,710,19,110,5,3,90,12,440,410,1530,4330,1370,1.2,67.2,2570,2.32,,,
FALSE,SH-650x300x16x22,650,300,16,22,7,2,150,40,16,710,16,110,7,2,60,16,440,290,1440,4080,1430,1.2,70.08,2460,2.11,,,
FALSE,SH-650x300x16x25,650,300,16,25,7,2,150,40,16,710,19,110,7,2,60,16,440,290,1570,4440,1410,1.2,69.12,2640,2.33,,,
FALSE,SH-650x300x16x28,650,300,16,28,8,2,150,40,19,800,22,110,7,2,60,16,440,290,1700,4800,1390,1.2,68.16,2870,2.55,,,
FALSE,SH-700x250x12x22,700,250,12,22,6,2,150,－,16,770,16,100,6,2,90,9,530,290,1350,3810,1250,1.2,61.44,2280,2.17,,,
FALSE,SH-700x250x12x25,700,250,12,25,6,2,150,－,16,770,19,100,6,2,90,9,530,290,1470,4160,1240,1.2,60.72,2470,2.39,,,
FALSE,SH-700x250x14x22,700,250,14,22,6,2,150,－,16,770,19,100,7,2,60,16,440,290,1400,3940,1400,1.2,68.32,2390,2.03,,,
FALSE,SH-700x250x14x25,700,250,14,25,6,2,150,－,16,770,19,100,7,2,60,16,440,290,1520,4290,1380,1.2,67.48,2560,2.24,,,
FALSE,SH-700x300x12x22,700,300,12,22,7,2,150,40,16,710,16,110,6,2,90,9,530,290,1510,4270,1250,1.2,61.44,2530,2.48,,,
FALSE,SH-700x300x12x25,700,300,12,25,7,2,150,40,16,710,19,110,6,2,90,9,530,290,1650,4680,1240,1.2,60.72,2740,2.76,,,
FALSE,SH-700x300x14x22,700,300,14,22,7,2,150,40,16,710,16,110,7,2,60,16,440,290,1560,4410,1400,1.2,68.32,2600,2.32,,,
FALSE,SH-700x300x14x25,700,300,14,25,7,2,150,40,16,710,19,110,7,2,60,16,440,290,1700,4810,1380,1.1,67.48,2760,2.56,,,
FALSE,SH-700x300x14x28,700,300,14,28,8,2,150,40,19,800,22,110,7,2,60,16,440,290,1840,5200,1360,1.2,66.64,3090,2.81,,,
FALSE,SH-700x300x16x22,700,300,16,22,7,2,150,40,16,710,19,110,8,2,60,16,500,290,1610,4540,1520,1.2,74.24,2750,2.21,,,
FALSE,SH-700x300x16x25,700,300,16,25,7,2,150,40,19,710,19,110,8,2,60,12,500,290,1750,4940,1500,1.2,73.28,2970,2.43,,,
FALSE,SH-700x300x16x28,700,300,16,28,8,2,150,40,19,800,22,110,8,2,60,12,500,290,1890,5330,1480,1.2,72.32,3190,2.66,,,
FALSE,SH-700x300x16x32,700,300,16,32,9,2,150,40,22,890,22,110,8,2,60,12,500,290,2070,5840,1450,1.2,71.04,3450,2.98,,,
FALSE,SH-700x350x12x22,700,350,12,22,4,4,140,70,16,530,19,140,5,2,120,9,560,290,1610,4560,1310,1.1,64.32,2680,2.68,,,
FALSE,SH-700x350x12x25,700,350,12,25,5,4,140,70,19,650,22,140,5,2,120,9,560,290,1770,5000,1300,1.1,63.6,2930,2.98,,,
FALSE,SH-700x350x14x22,700,350,14,22,4,4,140,70,16,530,19,140,6,2,90,12,530,290,1660,4700,1460,1.1,71.68,2800,2.48,,,
FALSE,SH-700x350x14x25,700,350,14,25,5,4,140,70,19,650,22,140,6,2,90,12,530,290,1820,5130,1450,1.1,70.84,3040,2.75,,,
FALSE,SH-700x350x14x28,700,350,14,28,5,4,140,70,19,650,22,140,6,2,90,12,530,290,1970,5560,1430,1.1,70,3280,3.02,,,
FALSE,SH-700x350x16x25,700,350,16,25,5,4,140,70,19,650,22,140,8,2,60,12,500,290,1860,5260,1500,1.1,73.28,3150,2.73,,,
FALSE,SH-700x350x16x28,700,350,16,28,5,4,140,70,19,650,22,140,8,2,60,12,500,290,2010,5690,1480,1.1,72.32,3390,3,,,
FALSE,SH-700x350x16x32,700,350,16,32,5,4,140,70,19,650,22,140,8,2,60,16,500,290,2210,6240,1450,1.1,71.04,3710,3.67,,,
FALSE,SH-750x250x12x22,750,250,12,22,6,2,150,－,16,770,16,100,6,2,90,9,530,290,1480,4170,1380,1.2,67.44,2510,2.16,,,
FALSE,SH-750x250x14x22,750,250,14,22,6,2,150,－,16,770,19,100,7,2,90,9,620,290,1530,4330,1540,1.2,75.32,2630,2.02,,,
FALSE,SH-750x250x14x25,750,250,14,25,7,2,150,－,19,890,19,100,7,2,90,9,620,290,1660,4700,1520,1.2,74.48,2840,2.22,,,
FALSE,SH-750x300x14x22,750,300,14,22,7,2,150,40,16,710,16,110,7,2,90,9,620,290,1710,4820,1540,1.2,75.32,2900,2.3,,,
FALSE,SH-750x300x14x25,750,300,14,25,8,2,150,40,19,800,19,110,7,2,90,9,620,290,1860,5260,1520,1.2,74.48,3140,2.54,,,
FALSE,SH-750x300x16x22,750,300,16,22,7,2,150,40,16,710,19,110,9,2,60,12,560,290,1760,4980,1600,1.2,78.4,3030,2.29,,,
FALSE,SH-750x300x16x25,750,300,16,25,8,2,150,40,19,800,19,110,9,2,60,12,560,290,1920,5410,1580,1.2,77.44,3270,2.52,,,
FALSE,SH-750x300x16x28,750,300,16,28,8,2,150,40,19,800,22,110,9,2,60,12,560,290,2070,5830,1560,1.2,76.48,3510,2.76,,,
FALSE,SH-750x350x14x22,750,350,14,22,4,4,140,70,16,530,19,140,7,2,90,9,620,290,1820,5140,1540,1.1,75.32,3070,2.58,,,
TRUE,SH-750x350x14x25,750,350,14,25,5,4,140,70,19,650,22,140,7,2,90,9,620,290,1990,5610,1520,1.1,74.48,3330,2.85,,,
TRUE,SH-750x350x14x28,750,350,14,28,5,4,140,70,19,650,22,140,7,2,90,9,620,290,2150,6070,1500,1.1,73.64,3590,3.13,,,
FALSE,SH-750x350x14x32,750,350,14,32,5,4,140,70,22,650,25,140,5,3,120,12,560,410,2370,6680,1620,1.1,79.24,3940,3.51,,,
TRUE,SH-750x350x16x25,750,350,16,25,5,4,140,70,19,650,22,140,7,2,90,12,620,290,2040,5760,1740,1.1,85.12,3460,2.57,,,
TRUE,SH-750x350x16x28,750,350,16,28,5,4,140,70,19,650,22,140,7,2,90,12,620,290,2200,6220,1720,1.1,84.16,3720,2.82,,,
FALSE,SH-750x350x16x32,750,350,16,32,5,4,140,70,22,650,25,140,8,2,60,16,500,290,2420,6820,1610,1.1,79.04,4060,3.6,,,
FALSE,SH-750x350x16x36,750,350,16,36,6,4,140,70,25,770,25,140,8,2,60,16,500,290,2630,7410,1590,1.1,77.76,4390,3.99,,,
FALSE,SH-800x250x14x22,800,250,14,22,6,2,150,－,16,770,19,100,9,2,60,12,560,290,1670,4720,1540,1.2,75.6,2890,2.2,,,
FALSE,SH-800x250x14x25,800,250,14,25,7,2,150,－,19,890,19,100,9,2,60,12,560,290,1810,5120,1530,1.2,74.76,3110,2.41,,,
FALSE,SH-800x250x14x28,800,250,14,28,7,2,150,－,19,890,22,100,9,2,60,12,560,290,1950,5510,1510,1.2,73.92,3330,2.62,,,
FALSE,SH-800x250x16x22,800,250,16,22,6,2,150,－,16,770,19,100,9,2,60,16,560,290,1730,4900,1770,1.2,86.4,3040,2.01,,,
FALSE,SH-800x250x16x25,800,250,16,25,7,2,150,－,19,890,19,100,9,2,60,16,560,290,1870,5290,1750,1.2,85.44,3250,2.2,,,
FALSE,SH-800x250x16x28,800,250,16,28,7,2,150,－,19,890,22,100,9,2,60,16,560,290,2010,5680,1730,1.2,84.48,3470,2.38,,,
FALSE,SH-800x250x16x32,800,250,16,32,9,2,150,－,25,1130,25,100,9,2,60,16,560,290,2190,6190,1700,1.2,83.2,3760,2.64,,,
FALSE,SH-800x300x14x22,800,300,14,22,7,2,150,40,16,710,19,110,9,2,60,12,560,290,1860,5250,1540,1.2,75.6,3170,2.5,,,
FALSE,SH-800x300x14x25,800,300,14,25,8,2,150,40,19,800,19,110,9,2,60,12,560,290,2030,5720,1530,1.2,74.76,3430,2.75,,,
FALSE,SH-800x300x14x28,800,300,14,28,8,2,150,40,19,800,22,110,9,2,60,12,560,290,2190,6180,1510,1.2,73.92,3690,3,,,
FALSE,SH-800x300x16x22,800,300,16,22,7,2,150,40,16,710,19,110,9,2,60,16,560,290,1920,5430,1770,1.2,86.4,3320,2.27,,,
FALSE,SH-800x300x16x25,800,300,16,25,8,2,150,40,19,800,19,110,9,2,60,16,560,290,2090,5900,1750,1.2,85.44,3580,2.49,,,
FALSE,SH-800x300x16x28,800,300,16,28,8,2,150,40,19,800,22,110,9,2,60,16,560,290,2250,6350,1730,1.2,84.48,3830,2.72,,,
FALSE,SH-800x300x16x32,800,300,16,32,9,2,150,40,22,890,25,110,9,2,60,16,560,290,2460,6950,1700,1.2,83.2,4160,3.02,,,
FALSE,SH-800x350x14x25,800,350,14,25,5,4,140,70,19,650,22,140,7,2,90,12,620,290,2160,6100,1670,1.1,81.48,3630,2.83,,,
FALSE,SH-800x350x14x28,800,350,14,28,5,4,140,70,19,650,22,140,7,2,90,9,620,290,2340,6600,1650,1.1,80.64,3910,3.1,,,
FALSE,SH-800x350x16x25,800,350,16,25,5,4,140,70,19,650,22,140,9,2,60,16,560,290,2220,6270,1750,1.1,85.44,3780,2.79,,,
FALSE,SH-800x350x16x28,800,350,16,28,5,4,140,70,19,650,22,140,9,2,60,16,560,290,2400,6770,1730,1.1,84.48,4050,3.05,,,
FALSE,SH-800x350x16x32,800,350,16,32,6,4,140,70,22,770,25,140,9,2,60,16,560,290,2630,7420,1700,1.1,83.2,4420,3.71,,,
FALSE,SH-800x350x16x36,800,350,16,36,6,4,140,70,25,770,25,140,9,2,60,16,560,290,2850,8050,1670,1.1,81.92,4780,4.11,,,
FALSE,SH-800x350x19x25,800,350,19,25,5,4,140,70,19,650,22,140,7,3,90,16,620,410,2310,6530,2260,1.1,110.6,4000,2.25,,,
FALSE,SH-800x350x19x28,800,350,19,28,5,4,140,70,19,650,22,140,7,3,90,16,620,410,2490,7020,2240,1.1,109.4,4270,2.45,,,
FALSE,SH-800x350x19x32,800,350,19,32,6,4,140,70,22,770,25,140,10,2,60,16,620,290,2720,7670,1930,1.1,94.24,4630,3.4,,,
FALSE,SH-800x350x19x36,800,350,19,36,6,4,140,70,25,770,25,140,10,2,60,16,620,290,2940,8290,1900,1.1,92.72,4990,3.75,,,
FALSE,SH-800x350x19x40,800,350,19,40,7,4,140,70,25,890,28,140,10,2,60,16,620,290,3160,8910,1860,1.1,91.2,5340,4.11,,,
FALSE,SH-800x400x14x25,800,400,14,25,5,4,140,90,16,770,19,170,7,2,90,12,620,290,2490,7030,1670,1.1,81.48,4140,3.14,,,
FALSE,SH-800x400x14x28,800,400,14,28,6,4,140,90,19,770,22,170,7,2,90,9,620,290,2710,7640,1650,1.1,80.64,4470,3.45,,,
FALSE,SH-800x400x16x25,800,400,16,25,5,4,140,90,16,650,19,170,9,2,60,16,560,290,2550,7210,1750,1.2,85.44,4280,3.08,,,
FALSE,SH-800x400x16x28,800,400,16,28,6,4,140,90,16,650,22,170,9,2,60,16,560,290,2770,7810,1730,1.1,84.48,4620,3.38,,,
FALSE,SH-800x400x16x32,800,400,16,32,6,4,140,90,19,770,22,170,9,2,60,16,560,290,3050,8600,1700,1.1,83.2,5060,4.13,,,
FALSE,SH-800x400x16x36,800,400,16,36,7,4,140,90,22,890,25,170,9,2,60,16,560,290,3320,9370,1670,1.1,81.92,5500,4.59,,,
FALSE,SH-800x400x19x28,800,400,19,28,6,4,140,90,19,770,22,170,7,3,90,16,620,410,2860,8070,2240,1.2,109.4,4830,2.71,,,
FALSE,SH-800x400x19x32,800,400,19,32,6,4,140,90,19,770,22,170,10,2,60,16,620,290,3140,8850,1930,1.1,94.24,5270,3.77,,,
FALSE,SH-800x400x19x36,800,400,19,36,7,4,140,90,22,890,25,170,10,2,60,16,620,290,3410,9610,1900,1.1,92.72,5700,4.17,,,
FALSE,SH-800x400x19x40,800,400,19,40,7,4,140,90,25,890,28,170,10,2,60,16,620,290,3670,10400,1860,1.1,91.2,6130,4.59,,,
FALSE,SH-850x250x14x22,850,250,14,22,6,2,150,－,16,770,19,100,8,2,90,9,710,290,1820,5130,1760,1.2,85.96,3150,2.1,,,
FALSE,SH-850x250x14x25,850,250,14,25,7,2,150,－,19,890,19,100,8,2,90,9,710,290,1970,5550,1740,1.2,85.12,3380,2.3,,,
FALSE,SH-850x250x14x28,850,250,14,28,7,2,150,－,19,890,22,100,8,2,90,9,710,290,2120,5970,1720,1.2,84.28,3620,2.5,,,
FALSE,SH-850x250x16x22,850,250,16,22,6,2,150,－,16,770,19,100,10,2,60,12,620,290,1890,5330,1850,1.2,90.56,3320,2.09,,,
FALSE,SH-850x250x16x25,850,250,16,25,7,2,150,－,19,890,22,100,10,2,60,12,620,290,2040,5750,1830,1.2,89.6,3550,2.28,,,
FALSE,SH-850x250x16x28,850,250,16,28,7,2,150,－,19,890,22,100,10,2,60,12,620,290,2190,6170,1810,1.2,88.64,3780,2.47,,,
FALSE,SH-850x250x16x32,850,250,16,32,9,2,150,－,25,1130,25,100,10,2,60,12,620,290,2380,6710,1790,1.2,87.36,4090,2.72,,,
FALSE,SH-850x300x14x22,850,300,14,22,7,2,150,40,16,710,19,110,8,2,90,9,710,290,2020,5690,1760,1.2,85.96,3450,2.38,,,
FALSE,SH-850x300x14x25,850,300,14,25,8,2,150,40,19,800,19,110,8,2,90,9,710,290,2190,6190,1740,1.2,85.12,3730,2.61,,,
FALSE,SH-850x300x14x28,850,300,14,28,8,2,150,40,19,800,22,110,8,2,90,9,710,290,2370,6690,1720,1.2,84.28,4000,2.85,,,
FALSE,SH-850x300x16x22,850,300,16,22,7,2,150,40,16,710,19,110,10,2,60,12,620,290,2090,5900,1850,1.2,90.56,3620,2.35,,,
FALSE,SH-850x300x16x25,850,300,16,25,8,2,150,40,19,800,19,110,10,2,60,12,620,290,2270,6390,1830,1.2,89.6,3890,2.58,,,
FALSE,SH-850x300x16x28,850,300,16,28,8,2,150,40,19,800,22,110,10,2,60,12,620,290,2440,6880,1810,1.2,88.64,4090,2.8,,,
FALSE,SH-850x300x16x32,850,300,16,32,9,2,150,40,22,890,25,110,10,2,60,12,620,290,2660,7520,1790,1.2,87.36,4520,3.11,,,
FALSE,SH-850x350x16x25,850,350,16,25,5,4,140,70,19,650,22,140,8,2,90,12,710,290,2410,6800,1990,1.1,97.28,4110,2.65,,,
FALSE,SH-850x350x16x28,850,350,16,28,5,4,140,70,19,650,22,140,8,2,90,12,710,290,2600,7330,1970,1.1,96.32,4400,2.89,,,
FALSE,SH-850x350x16x32,850,350,16,32,5,4,140,70,22,650,25,140,10,2,60,16,620,290,2840,8020,1790,1.1,87.36,4790,3.82,,,
FALSE,SH-850x350x19x28,850,350,19,28,5,4,140,70,19,650,22,140,7,3,90,16,620,410,2700,7620,2430,1.1,118.9,4650,2.45,,,
FALSE,SH-850x350x19x32,850,350,19,32,6,4,140,70,22,770,25,140,11,2,60,16,680,290,2940,8310,2030,1.1,99.18,5030,3.5,,,
FALSE,SH-850x350x19x36,850,350,19,36,6,4,140,70,25,770,25,140,11,2,60,16,680,290,3180,8980,2000,1.1,97.66,5420,3.85,,,
FALSE,SH-850x400x16x25,850,400,16,25,5,4,140,90,16,650,19,170,8,2,90,12,710,290,2760,7800,1990,1.2,97.28,4640,2.93,,,
FALSE,SH-850x400x16x28,850,400,16,28,6,4,140,90,19,770,22,170,8,2,90,12,710,290,2990,8440,1970,1.1,96.32,5000,3.2,,,
FALSE,SH-850x400x16x32,850,400,16,32,6,4,140,90,19,770,22,170,10,2,60,16,620,290,3290,9280,1790,1.1,87.36,5470,4.24,,,
FALSE,SH-850x400x19x28,850,400,19,28,6,4,140,90,19,770,22,170,7,3,90,16,620,410,3100,8730,2430,1.2,118.9,5250,2.7,,,
FALSE,SH-850x400x19x32,850,400,19,32,6,4,140,90,22,770,22,170,11,2,60,16,680,290,3390,9570,2030,1.1,99.18,5720,3.87,,,
FALSE,SH-850x400x19x36,850,400,19,36,7,4,140,90,22,890,25,170,11,2,60,16,680,290,3680,10400,2000,1.1,97.66,6180,4.28,,,
FALSE,SH-900x250x14x22,900,250,14,22,6,2,150,－,16,770,19,100,10,2,60,12,620,290,1960,5540,1760,1.2,86.24,3420,2.27,,,
FALSE,SH-900x250x16x22,900,250,16,22,6,2,150,－,16,770,19,100,10,2,60,16,620,290,2050,5780,2020,1.2,98.56,3610,2.08,,,
FALSE,SH-900x250x16x25,900,250,16,25,7,2,150,－,19,890,22,100,10,2,60,16,620,290,2210,6230,2000,1.2,97.6,3860,2.26,,,
FALSE,SH-900x300x14x22,900,300,14,22,7,2,150,40,16,710,19,110,10,2,60,12,620,290,2180,6150,1760,1.2,86.24,3740,2.56,,,
FALSE,SH-900x300x16x22,900,300,16,22,7,2,150,40,16,710,19,110,10,2,60,16,620,290,2260,6380,2020,1.2,98.56,3930,2.34,,,
FALSE,SH-900x300x16x25,900,300,16,25,8,2,150,40,19,800,19,110,10,2,60,16,620,290,2450,6910,2000,1.2,97.6,4220,2.56,,,
FALSE,SH-900x300x16x28,900,300,16,28,9,2,150,40,22,890,22,110,10,2,60,16,620,290,2630,7430,1980,1.2,96.64,4510,2.78,,,
FALSE,SH-900x300x16x32,900,300,16,32,10,2,150,40,22,980,25,110,10,2,60,16,620,290,2870,8110,1950,1.2,95.36,4890,3.07,,,
FALSE,SH-900x300x19x22,900,300,19,22,7,2,150,40,16,710,19,110,8,3,90,16,710,410,2380,6730,2580,1.2,126.2,4220,1.94,,,
FALSE,SH-900x300x19x25,900,300,19,25,8,2,150,40,19,800,22,110,8,3,90,16,710,410,2570,7250,2560,1.2,125,4500,2.11,,,
FALSE,SH-900x300x19x28,900,300,19,28,9,2,150,40,22,890,22,110,8,3,90,16,710,410,2750,7760,2530,1.2,123.9,4790,2.28,,,
FALSE,SH-900x300x19x32,900,300,19,32,10,2,150,40,22,980,25,110,8,3,90,16,710,410,2990,8430,2500,1.2,122.4,5160,2.51,,,
FALSE,SH-900x300x19x36,900,300,19,36,10,2,150,40,25,980,28,110,8,3,90,16,710,410,3220,9090,2470,1.2,120.8,5530,2.74,,,
FALSE,SH-900x350x16x25,900,350,16,25,5,4,140,70,19,650,22,140,10,2,60,16,620,290,2600,7330,2000,1.1,97.6,4450,2.85,,,
FALSE,SH-900x350x16x28,900,350,16,28,5,4,140,70,19,650,22,140,10,2,60,16,620,290,2800,7900,1980,1.1,96.64,4760,3.1,,,
FALSE,SH-900x350x16x32,900,350,16,32,6,4,140,70,22,770,25,140,10,2,60,16,620,290,3060,8640,1950,1.1,95.36,5180,3.76,,,
FALSE,SH-900x350x19x25,900,350,19,25,5,4,140,70,19,650,22,140,8,3,90,16,710,410,2720,7670,2560,1.1,125,4730,2.34,,,
FALSE,SH-900x350x19x28,900,350,19,28,5,4,140,70,19,650,22,140,8,3,90,12,710,410,2920,8230,2530,1.1,123.9,5040,2.53,,,
FALSE,SH-900x350x19x32,900,350,19,32,6,4,140,70,22,770,25,140,11,2,60,16,680,290,3180,8970,2220,1.1,108.7,5450,3.44,,,
FALSE,SH-900x350x19x36,900,350,19,36,6,4,140,70,25,770,25,140,11,2,60,16,680,290,3430,9690,2190,1.1,107.2,5860,3.78,,,
FALSE,SH-900x350x19x40,900,350,19,40,7,4,140,70,25,890,28,140,11,2,60,16,680,290,3690,10400,2160,1.1,105.6,6260,4.13,,,
FALSE,SH-900x400x16x25,900,400,16,25,5,4,140,90,16,650,19,170,10,2,60,16,620,290,2980,8400,2000,1.2,97.6,5020,3.14,,,
FALSE,SH-900x400x16x28,900,400,16,28,6,4,140,90,19,770,22,170,10,2,60,16,620,290,3220,9080,1980,1.2,96.64,5400,3.43,,,
FALSE,SH-900x400x16x32,900,400,16,32,6,4,140,90,19,770,22,170,10,2,60,16,620,290,3540,9980,1950,1.1,95.36,5900,4.18,,,
FALSE,SH-900x400x19x28,900,400,19,28,6,4,140,90,19,770,22,170,8,3,90,12,710,410,3340,9420,2530,1.2,123.9,5670,2.79,,,
FALSE,SH-900x400x19x32,900,400,19,32,6,4,140,90,19,770,22,170,11,2,60,16,680,290,3650,10300,2220,1.2,108.7,6170,3.8,,,
FALSE,SH-900x400x19x36,900,400,19,36,7,4,140,90,22,890,25,170,11,2,60,16,680,290,3970,11200,2190,1.1,107.2,6660,4.19,,,
FALSE,SH-900x400x19x40,900,400,19,40,8,4,140,90,25,1010,28,170,11,2,60,16,680,290,4270,12000,2160,1.1,105.6,7150,4.59,,,
FALSE,SH-950x250x16x22,950,250,16,22,7,2,150,－,19,890,19,100,11,2,60,16,680,290,2210,6230,2100,1.3,102.7,3910,2.16,,,
FALSE,SH-950x250x16x25,950,250,16,25,7,2,150,－,19,890,22,100,11,2,60,16,680,290,2380,6710,2080,1.2,101.8,4170,2.34,,,
FALSE,SH-950x250x16x28,950,250,16,28,8,2,150,－,22,1010,25,100,11,2,60,16,680,290,2550,7180,2060,1.2,100.8,4430,2.53,,,
FALSE,SH-950x250x16x32,950,250,16,32,9,2,150,－,25,1130,25,100,11,2,60,16,680,290,2760,7800,2030,1.2,99.52,4780,2.78,,,
FALSE,SH-950x250x19x25,950,250,19,25,7,2,150,－,19,890,22,100,8,3,90,16,710,410,2510,7100,2750,1.3,134.5,4490,1.89,,,
FALSE,SH-950x250x19x28,950,250,19,28,8,2,150,－,22,1010,25,100,8,3,90,16,710,410,2680,7560,2730,1.2,133.4,4740,2.03,,,
FALSE,SH-950x250x19x32,950,250,19,32,9,2,150,－,25,1130,25,100,8,3,90,16,710,410,2890,8170,2700,1.2,131.9,5080,2.21,,,
FALSE,SH-950x250x19x36,950,250,19,36,9,2,150,－,25,1130,28,100,8,3,90,16,710,410,3110,8760,2670,1.2,130.3,5420,2.4,,,
FALSE,SH-950x300x16x22,950,300,16,22,7,2,150,40,16,710,19,110,11,2,60,16,680,290,2430,6870,2100,1.2,102.7,4250,2.42,,,
FALSE,SH-950x300x16x25,950,300,16,25,8,2,150,40,19,800,22,110,11,2,60,16,680,290,2630,7430,2080,1.2,101.8,4560,2.64,,,
FALSE,SH-950x300x16x28,950,300,16,28,9,2,150,40,22,890,22,110,11,2,60,16,680,290,2830,7990,2060,1.2,100.8,4860,2.86,,,
FALSE,SH-950x300x16x32,950,300,16,32,10,2,150,40,22,980,25,110,11,2,60,16,680,290,3090,8710,2030,1.2,99.52,5270,3.16,,,
FALSE,SH-950x300x19x25,950,300,19,25,8,2,150,40,19,800,22,110,8,3,90,16,710,410,2770,7820,2750,1.2,134.5,4870,2.11,,,
FALSE,SH-950x300x19x28,950,300,19,28,9,2,150,40,22,890,22,110,8,3,90,16,710,410,2960,8360,2730,1.2,133.4,5170,2.28,,,
FALSE,SH-950x300x19x32,950,300,19,32,10,2,150,40,22,980,25,110,8,3,90,16,710,410,3220,9080,2700,1.2,131.9,5570,2.73,,,
FALSE,SH-950x300x19x36,950,300,19,36,11,2,150,40,25,1070,28,110,8,3,90,16,710,410,3470,9780,2670,1.2,130.3,5970,2.98,,,
FALSE,SH-950x350x16x22,950,350,16,22,4,4,140,70,16,530,19,140,11,2,60,16,680,290,2580,7270,2100,1.1,102.7,4460,2.68,,,
FALSE,SH-950x350x16x25,950,350,16,25,5,4,140,70,19,650,22,140,11,2,60,16,680,290,2790,7880,2080,1.1,101.8,4800,2.93,,,
FALSE,SH-950x350x16x28,950,350,16,28,5,4,140,70,19,650,22,140,11,2,60,16,680,290,3010,8490,2060,1.1,100.8,5130,3.19,,,
FALSE,SH-950x350x16x32,950,350,16,32,6,4,140,70,22,770,25,140,11,2,60,16,680,290,3290,9280,2030,1.1,99.52,5570,3.87,,,
FALSE,SH-950x350x19x25,950,350,19,25,5,4,140,70,19,650,22,140,8,3,90,16,710,410,2930,8270,2750,1.2,134.5,5110,2.34,,,
FALSE,SH-950x350x19x28,950,350,19,28,5,4,140,70,19,650,22,140,8,3,90,16,710,410,3140,8860,2730,1.1,133.4,5440,2.53,,,
FALSE,SH-950x350x19x32,950,350,19,32,6,4,140,70,22,770,25,140,8,3,90,16,710,410,3420,9640,2700,1.1,131.9,5880,3.05,,,
FALSE,SH-950x350x19x36,950,350,19,36,6,4,140,70,25,770,25,140,8,3,90,16,710,410,3690,10400,2670,1.1,130.3,6310,3.34,,,
FALSE,SH-950x400x16x22,950,400,16,22,5,4,140,90,16,650,16,170,11,2,60,16,680,290,2930,8270,2100,1.2,102.7,4990,2.94,,,
FALSE,SH-950x400x16x25,950,400,16,25,5,4,140,90,16,650,19,170,11,2,60,16,680,290,3190,9010,2080,1.2,101.8,5400,3.23,,,
FALSE,SH-950x400x16x28,950,400,16,28,6,4,140,90,19,770,22,170,11,2,60,16,680,290,3450,9740,2060,1.2,100.8,5800,3.53,,,
FALSE,SH-950x400x16x32,950,400,16,32,6,4,140,90,19,770,22,170,11,2,60,16,680,290,3790,10700,2030,1.1,99.52,6340,4.29,,,
FALSE,SH-950x400x19x25,950,400,19,25,5,4,140,90,16,650,19,170,8,3,90,16,710,410,3330,9390,2750,1.2,134.5,5720,2.56,,,
FALSE,SH-950x400x19x28,950,400,19,28,6,4,140,90,19,770,22,170,8,3,90,16,710,410,3590,10100,2730,1.2,133.4,6110,2.78,,,
FALSE,SH-950x400x19x32,950,400,19,32,6,4,140,90,19,770,22,170,8,3,90,16,710,410,3920,11100,2700,1.2,131.9,6640,3.36,,,
FALSE,SH-950x400x19x36,950,400,19,36,7,4,140,90,22,890,25,170,8,3,90,16,710,410,4250,12000,2670,1.1,130.3,7160,3.69,,,
FALSE,SH-1000x250x16x22,1000,250,16,22,7,2,150,－,19,890,19,100,11,2,60,16,680,290,2380,6710,2260,1.3,110.7,4220,2.16,,,
FALSE,SH-1000x250x16x25,1000,250,16,25,7,2,150,－,19,890,22,100,11,2,60,16,680,290,2560,7210,2240,1.2,109.8,4500,2.34,,,
FALSE,SH-1000x250x16x28,1000,250,16,28,8,2,150,－,22,1010,25,100,11,2,60,16,680,290,2730,7710,2220,1.2,108.8,4780,2.52,,,
FALSE,SH-1000x250x16x32,1000,250,16,32,9,2,150,－,25,1130,25,100,12,2,60,12,740,290,2960,8370,2120,1.2,103.7,5140,2.86,,,
FALSE,SH-1000x250x19x25,1000,250,19,25,7,2,150,－,19,890,22,100,13,2,60,16,800,290,2710,7640,2480,1.3,121.2,4850,2.26,,,
FALSE,SH-1000x250x19x28,1000,250,19,28,8,2,150,－,22,1010,25,100,13,2,60,16,800,290,2880,8130,2460,1.2,120.1,5120,2.42,,,
FALSE,SH-1000x250x19x32,1000,250,19,32,9,2,150,－,25,1130,25,100,9,3,90,12,800,410,3110,8780,2800,1.2,136.8,5480,2.29,,,
FALSE,SH-1000x250x19x36,1000,250,19,36,9,2,150,－,25,1130,28,100,9,3,90,12,800,410,3340,9410,2770,1.2,135.3,5830,2.48,,,
FALSE,SH-1000x300x16x22,1000,300,16,22,7,2,150,40,16,710,19,110,12,2,60,12,740,290,2610,7380,2190,1.2,106.9,4450,2.5,,,
FALSE,SH-1000x300x16x25,1000,300,16,25,8,2,150,40,19,800,22,110,12,2,60,12,740,290,2830,7970,2170,1.2,105.9,4910,2.72,,,
FALSE,SH-1000x300x16x28,1000,300,16,28,9,2,150,40,22,890,22,110,12,2,60,12,740,290,3030,8560,2150,1.2,105,5230,2.94,,,
FALSE,SH-1000x300x16x32,1000,300,16,32,10,2,150,40,22,980,25,110,12,2,60,12,740,290,3310,9330,2120,1.2,103.7,5590,3.25,,,
FALSE,SH-1000x300x19x25,1000,300,19,25,8,2,150,40,19,800,22,110,9,3,90,12,800,410,2980,8400,2850,1.2,139.5,5260,2.19,,,
FALSE,SH-1000x300x19x28,1000,300,19,28,9,2,150,40,22,890,22,110,9,3,90,12,800,410,3180,8980,2830,1.2,138.3,5580,2.36,,,
FALSE,SH-1000x300x19x32,1000,300,19,32,10,2,150,40,25,980,25,110,9,3,90,12,800,410,3450,9740,2800,1.2,136.8,6000,2.82,,,
FALSE,SH-1000x300x19x36,1000,300,19,36,11,2,150,40,25,1070,28,110,9,3,90,12,800,410,3720,10500,2770,1.2,135.3,6410,3.07,,,
FALSE,SH-1000x350x16x22,1000,350,16,22,4,4,140,70,16,530,19,140,11,2,60,16,680,290,2760,7800,2260,1.2,110.7,4810,2.66,,,
FALSE,SH-1000x350x16x25,1000,350,16,25,5,4,140,70,19,650,22,140,11,2,60,16,680,290,2990,8450,2240,1.1,109.8,5160,2.91,,,
FALSE,SH-1000x350x16x28,1000,350,16,28,5,4,140,70,19,650,22,140,11,2,60,16,680,290,3220,9090,2220,1.1,108.8,5510,3.17,,,
FALSE,SH-1000x350x16x32,1000,350,16,32,6,4,140,70,22,770,25,140,12,2,60,16,740,290,3520,9930,2120,1.1,103.7,5980,3.97,,,
FALSE,SH-1000x350x19x25,1000,350,19,25,5,4,140,70,19,650,22,140,13,2,60,16,800,290,3150,8880,2480,1.2,121.2,5510,2.78,,,
FALSE,SH-1000x350x19x28,1000,350,19,28,5,4,140,70,19,650,22,140,13,2,60,16,800,290,3370,9510,2460,1.1,120.1,5860,3.01,,,
FALSE,SH-1000x350x19x32,1000,350,19,32,6,4,140,70,22,770,25,140,9,3,90,16,800,410,3660,10300,2800,1.1,136.8,6320,3.14,,,
FALSE,SH-1000x350x19x36,1000,350,19,36,6,4,140,70,25,770,25,140,9,3,90,16,800,410,3950,11100,2770,1.1,135.3,6770,3.44,,,
FALSE,SH-1000x350x19x40,1000,350,19,40,6,4,140,70,28,770,28,140,8,3,90,16,710,410,4240,12000,2830,1.1,138.3,7220,3.61,,,
FALSE,SH-1000x400x16x22,1000,400,16,22,5,4,140,90,16,650,16,170,11,2,60,16,680,290,3140,8850,2260,1.2,110.7,5370,2.92,,,
FALSE,SH-1000x400x16x25,1000,400,16,25,5,4,140,90,16,650,19,170,11,2,60,16,680,290,3420,9640,2240,1.2,109.8,5790,3.2,,,
FALSE,SH-1000x400x16x28,1000,400,16,28,6,4,140,90,19,770,22,170,11,2,60,16,680,290,3690,10400,2220,1.2,108.8,6220,3.49,,,
FALSE,SH-1000x400x16x32,1000,400,16,32,6,4,140,90,19,770,22,170,12,2,60,16,740,290,4050,11400,2120,1.1,103.7,6780,4.39,,,
FALSE,SH-1000x400x19x25,1000,400,19,25,5,4,140,90,16,650,19,170,13,2,60,16,800,290,3570,10100,2480,1.2,121.2,6150,3.05,,,
FALSE,SH-1000x400x19x28,1000,400,19,28,6,4,140,90,19,770,22,170,13,2,60,16,800,290,3840,10800,2460,1.2,120.1,6570,3.31,,,
FALSE,SH-1000x400x19x32,1000,400,19,32,7,4,140,90,22,890,22,170,9,3,90,16,800,410,4200,11800,2800,1.2,136.8,7120,3.47,,,
FALSE,SH-1000x400x19x36,1000,400,19,36,7,4,140,90,22,890,25,170,9,3,90,16,800,410,4550,12800,2770,1.2,135.3,7670,3.8,,,
FALSE,SH-1000x400x19x40,1000,400,19,40,7,4,140,90,25,890,28,170,9,3,90,12,800,410,4890,13800,2740,1.1,133.8,8220,4.14,,,
